lane_id,carrier_id,postings,searches,past_behavior_score,relevance_score
88,26,7,12,0.6439675992535223,0.0697534853203392
78,3,16,9,0.2811515034146459,0.20214260624338531
94,24,13,4,0.9856609574568044,0.7940037392048925
44,3,17,11,0.06416621811108492,0.895930698080457
99,38,9,3,0.6078720109915183,0.28282181152837693
85,2,12,7,0.4795439274571891,0.1903609380056821
69,35,13,5,0.24548410714727464,0.026724504245174807
2,17,9,13,0.16355171132294644,0.9476973885868119
40,9,5,5,0.7370843581589864,0.6838549250352078
37,36,7,12,0.9163148744811864,0.9570301050431603
49,22,1,13,0.10754626195472239,0.8638491829705549
98,31,4,2,0.19398021210600547,0.3404665926904077
75,34,4,6,0.9862697472955654,0.1126830457555068
36,24,16,6,0.015022674237874623,0.49905679486013776
75,9,5,12,0.5082519696529233,0.026813797817671015
73,46,4,4,0.5161128500818143,0.14991662814344964
70,43,6,5,0.26316152514577384,0.23343262901508355
34,2,3,7,0.6630288804436608,0.6656465961444752
58,21,8,14,0.9449409064270137,0.5098774739540961
37,34,17,8,0.45021393095657714,0.3024195561127978
96,27,18,6,0.7494195054011905,0.5647683991913399
60,37,18,5,0.6460702592714582,0.1252026488883673
12,7,12,12,0.47294186354171486,0.7557081268186125
32,22,1,3,0.049812299803204674,0.7120351387532843
81,4,12,7,0.7417498049572753,0.2165026756805294
4,14,11,8,0.36325144712146296,0.6063915557763068
33,34,13,3,0.22449468840242093,0.5033026042972379
43,23,3,5,0.9482686497881705,0.06081631184979974
9,44,8,11,0.773502769547162,0.27815391683613444
98,42,3,2,0.9622686816769365,0.9994827040238524
51,25,17,10,0.25621693216559005,0.09953566111081602
94,1,13,10,0.8357933275778873,0.5064113070221608
20,48,10,12,0.6077214042619692,0.8493337546145772
39,15,17,4,0.9815036893032196,0.30065187300516394
23,32,3,12,0.9463169456136573,0.2607086389937505
41,14,13,4,0.9729680449427024,0.8907930516903237
44,41,6,12,0.951767618339942,0.30482994698157306
35,21,14,13,0.007660866890438989,0.651493311252792
23,47,10,8,0.7410854101506894,0.7403129843309826
58,7,16,3,0.27193456120964177,0.788617749307105
48,36,18,5,0.7050270955525281,0.9947596373069965
87,21,13,11,0.9806112012539087,0.8031920697099003
58,40,10,5,0.03935939069875882,0.6570121568875343
57,12,6,2,0.5669878324393505,0.8954635577589736
87,15,10,9,0.7349531581167693,0.9057446356389475
39,15,5,4,0.2533587822148069,0.9731664576596151
28,17,6,9,0.22512193706714245,0.7764652644764861
64,34,7,9,0.060345505401880994,0.19492733059813094
62,44,11,2,0.0939198571680756,0.7098060889039901
83,35,16,9,0.6567499108483615,0.07512844164381849
62,39,12,9,0.5052106190319509,0.3179629279153935
94,38,12,2,0.030072227481945935,0.11580751031558345
85,14,5,11,0.9696617587527658,0.9499426068875401
88,5,16,13,0.6560458694888051,0.338754112224362
85,30,6,6,0.5154685690160083,0.7132156464432498
26,4,9,9,0.2727242366264233,0.5713184357861273
51,15,5,4,0.6580988848075032,0.10751141305713685
50,39,16,2,0.36416786288271275,0.5613444478808775
36,35,18,7,0.7024941626624895,0.6610235434248729
26,45,19,9,0.6825719203067642,0.8815172573136296
33,10,12,6,0.09274379512412934,0.07008564241914317
68,2,2,11,0.9092607083109917,0.2956339850968406
73,44,10,11,0.4869742516016813,0.6923409439126125
8,24,12,14,0.3929449389665539,0.03433163587181187
66,28,14,4,0.9554621436287786,0.2035534561774709
93,22,18,1,0.4382092811112116,0.21867039640466812
23,44,19,4,0.7212209169030644,0.6693264127735739
70,32,6,3,0.6551364772498361,0.28596067947544745
55,31,5,7,0.16514009808305663,0.5995956622601574
43,19,16,11,0.991142773743137,0.9653484466763073
21,21,14,13,0.46360432229088666,0.7932429820012339
22,3,13,11,0.3947825724173085,0.33290280464450606
9,6,2,10,0.9196134927532301,0.4723999688393643
34,32,2,5,0.5292383365771101,0.2006739021010029
59,2,12,12,0.7050769619293124,0.015720010303449827
26,24,1,3,0.8462460472620109,0.28971539812485825
1,45,19,14,0.23549439572451836,0.3694086112049382
5,27,16,2,0.1694665851945295,0.5643671729184754
41,9,7,13,0.06850680559100597,0.9440666492637297
63,13,7,2,0.8971332992460653,0.9478520730718336
22,14,16,5,0.20036709474314873,0.07009829885928875
68,11,6,13,0.3077540440643939,0.6146456795311703
48,14,18,13,0.2858069260789511,0.042352650887856114
66,16,1,8,0.3045879875223949,0.6480810748157035
16,10,1,8,0.6680611268287184,0.1177030622751466
80,20,14,14,0.9541135587405383,0.9464028250221004
53,16,6,12,0.3294534359575404,0.8643386825389694
86,34,6,5,0.40764715465869683,0.022328830553383305
65,16,4,13,0.7711469841086112,0.7821317244578563
79,14,12,2,0.4323379441876859,0.635897117170611
64,28,18,13,0.9260427679260474,0.4953691906343791
88,18,10,4,0.5032180507452165,0.6026344867524884
68,26,3,7,0.3477348557636154,0.6782500604631375
63,38,3,14,0.9715724837342696,0.8844574755605131
62,7,8,6,0.42578187606417994,0.7673576610427454
82,45,1,10,0.23117487118804259,0.5753778193299905
81,34,18,7,0.17770081478953292,0.8246156607450085
71,47,15,5,0.9951813258283256,0.9869229565036002
45,49,17,2,0.7529876931288492,0.3001820208932947
52,45,11,8,0.4086597974551808,0.11842069401826816
74,7,13,14,0.82636334285219,0.7314482607086997
65,33,10,12,0.546806129514485,0.9785963339129832
2,35,13,2,0.31738957363327247,0.11670592120246759
49,39,17,12,0.7433858087359594,0.43170725800824217
22,21,1,8,0.7458947388831518,0.06226764218572223
96,49,16,7,0.500169229184135,0.7765319427707897
29,28,16,3,0.045158340355496374,0.9487087157171121
35,32,3,13,0.07702248657366761,0.4989941544519999
81,44,2,4,0.7887494790012712,0.4095211472601892
76,16,6,13,0.8234763759882132,0.907719023250521
24,10,11,7,0.6782897485771823,0.1333883893171166
94,23,3,4,0.839068575417683,0.8915843114750255
30,48,1,9,0.7194874703576121,0.39212600280136745
84,15,11,7,0.896934620508916,0.5594064123578973
42,43,13,1,0.15039827261328031,0.528292105128309
71,6,5,1,0.3877415283268735,0.615979174410445
50,33,18,4,0.4641107938908192,0.942123313757504
71,39,15,14,0.2976637947582136,0.9511270322673777
60,12,18,14,0.7253664481494441,0.8311482671636855
30,36,15,13,0.9124388126891402,0.1915440770377994
12,31,7,9,0.4124821992692763,0.33351632438845935
49,10,17,13,0.9415419645979666,0.4878248502545447
95,34,8,4,0.5167689071440567,0.9054609393685173
82,41,13,13,0.5225156268160511,0.5208648238462119
46,10,16,5,0.6002195406777565,0.9774356646687979
43,11,10,1,0.26833106511932536,0.9838411716692158
2,14,14,14,0.383360519135037,0.5985842594629827
97,3,6,2,0.5532374528854946,0.8774953395478112
75,33,7,11,0.9419828855732617,0.9992227120238989
98,7,6,4,0.6426925784552184,0.8497165180212197
80,4,17,12,0.33311655788870953,0.6569110131862546
54,39,8,4,0.010468573316502638,0.8451335255204949
35,48,12,11,0.9816656499299057,0.08265506178982107
52,10,4,10,0.49298455781839545,0.6348213175298393
33,15,10,6,0.938495158330771,0.2165220322350051
85,16,6,13,0.5493452338350528,0.11606365065067403
84,38,7,6,0.6054648602222887,0.8928712523281018
72,4,8,8,0.7119122559039721,0.6396449437580538
51,4,3,12,0.32097573366440557,0.2435465459219237
26,36,8,13,0.6989839606750345,0.3867822977401486
97,27,15,9,0.5267919098513837,0.9732765453533918
62,22,1,14,0.6724799495825067,0.8621820528796287
61,22,13,1,0.83583326090984,0.015581795500515971
26,17,18,1,0.18422913027198395,0.9798009951323443
37,45,15,6,0.6135509103357597,0.36852947334645736
30,34,7,4,0.05211132860983658,0.6954181659859248
95,32,15,11,0.10211508894903687,0.7126765646091936
97,6,3,4,0.674594235735587,0.9116844357070274
11,33,14,1,0.07093765180831946,0.8850608762036146
53,8,4,9,0.5953577798139739,0.2817295914496609
41,36,4,12,0.22001259865138545,0.6435354782857309
5,5,3,11,0.304084828511748,0.39370542292900446
66,5,5,3,0.1296365021474264,0.5255437364597197
13,47,11,5,0.2486674861728393,0.5546785254349391
63,10,8,10,0.821291784819328,0.39634344583103676
82,40,2,1,0.6388784056065275,0.4638940204404267
90,7,16,8,0.9497597947128548,0.20834226792101118
25,12,10,3,0.04874485535375528,0.6076463832614718
44,30,18,14,0.7924119971840686,0.7589598154427607
14,25,7,1,0.6990771832794246,0.42974120412327454
69,28,5,10,0.26089230519753603,0.9776800882040687
59,43,7,6,0.7291667028105845,0.05722640741146856
56,13,6,1,0.7165485499146202,0.5891606817472145
52,47,1,3,0.4593452030587438,0.583600773443762
66,49,11,5,0.688639618853709,0.03629627841074945
68,22,13,4,0.44458090301506525,0.22457017239773802
12,18,12,7,0.33554559605787215,0.9055425836495654
75,27,1,6,0.46649096033691617,0.5445140446092138
68,8,15,12,0.8951294814927913,0.4363858749678805
43,6,1,3,0.38458379286021815,0.41549644553683884
73,11,3,11,0.40368817745666385,0.8881608320201092
74,29,15,8,0.6084032276220502,0.3670311756215858
91,41,9,8,0.7529994754336213,0.8591668623262577
6,5,14,14,0.7346208603111565,0.3091925993094502
15,7,8,2,0.01979873011815725,0.5315039845028434
42,22,4,7,0.6874153330188532,0.1438197695359088
31,47,6,14,0.45055404809892685,0.8250303122434446
86,4,1,1,0.5240899675544575,0.7359748710048278
53,32,18,2,0.5616633369429792,0.5300930634747665
6,19,6,8,0.7317196171082654,0.02590130747897279
33,45,14,12,0.831332983608313,0.48125733185755404
29,33,11,1,0.646260944632236,0.22519652822524683
21,1,17,2,0.5639072208060012,0.4133742958750194
54,46,9,12,0.37376925481270185,0.8564264888586445
56,41,7,1,0.13787821923194754,0.769603305350733
94,44,14,5,0.958577681644864,0.24195290950759718
21,41,17,7,0.4618422923253076,0.9849534329255505
55,8,8,6,0.5662122444973933,0.9032105062904678
58,32,16,6,0.7510731394364172,0.5286734431337664
64,30,12,6,0.06841048497982916,0.5301503202879133
86,46,12,8,0.8550110090037315,0.9012659650033024
46,28,5,5,0.7970257433424074,0.6361448084392319
84,41,5,10,0.7744285819098411,0.5366884118627729
22,32,14,7,0.021982706734408386,0.7491485236809293
60,25,6,3,0.5265188514104142,0.23509711527075228
11,34,7,9,0.054268370732436844,0.8783774196955995
47,33,17,10,0.5508725788472912,0.5314152404080543
31,13,9,3,0.7184483262555225,0.6034992949717009
77,25,13,14,0.12185025025842289,0.0899438712548345
18,42,9,14,0.6948831054772886,0.3095089587622316
22,40,16,6,0.4495328459853072,0.4267353366720945
56,39,4,3,0.81155293067782,0.4139095234360195
17,44,2,1,0.533588939380301,0.7782843661784579
38,49,13,1,0.33612153583464877,0.282322397490008
25,44,13,3,0.3319915634237086,0.18210926234306601
32,48,19,4,0.897486520007584,0.5826172514622532
15,10,12,14,0.4528715845851323,0.6150148583670825
13,31,4,2,0.40575389717642096,0.12158330708624088
58,44,10,9,0.03987362229791558,0.0024685029859959906
90,11,16,11,0.36432460511540166,0.9176490800218589
50,25,19,8,0.8496270549444248,0.07963699711333405
11,46,8,12,0.7609876565326091,0.8978669319420002
13,45,6,13,0.22091320279659976,0.3992148743864111
97,34,4,3,0.4130566232135032,0.6530559079950671
50,20,7,7,0.19657967608174887,0.18561469070639625
38,7,14,4,0.9542168168347068,0.8239170278274891
1,33,13,5,0.5981178785355357,0.1801933868998743
39,35,5,4,0.7543547925485486,0.3865091483149067
27,29,9,9,0.713808649676779,0.23802577948082637
36,12,3,11,0.8736893633900835,0.8375059576869368
32,5,10,7,0.9493277785454594,0.8583358136488795
41,12,15,13,0.03244617377572445,0.37202888937023126
15,29,17,4,0.9753011798999524,0.3073784710042736
31,35,6,13,0.8705424631058796,0.7735653751951652
6,20,3,8,0.3829474086980963,0.8785119718112512
89,37,18,2,0.8370692425570705,0.6240199941140638
52,1,5,7,0.7365579823309495,0.9274036757291033
82,16,13,11,0.7931143766896918,0.3830438128500836
22,30,1,1,0.22069103283905533,0.15188640201736225
31,9,17,8,0.6485637019356654,0.17964298231704134
73,42,3,13,0.02592589429929082,0.66983195229722
46,10,19,14,0.8482291325528488,0.40752642307861653
67,13,12,12,0.9510429724757891,0.1563145983418177
97,48,8,14,0.6621234406352879,0.2922268549036079
91,20,8,13,0.5126696531760021,0.5306050720327485
43,29,15,6,0.7257310893630712,0.12144526696213642
1,4,11,12,0.32636128822461696,0.003442498944409733
44,46,1,5,0.626387795812538,0.9172980474956126
57,49,16,9,0.7189729393064442,0.3048611907780857
9,28,14,9,0.14268078148118757,0.22149814534298629
5,37,7,3,0.14006800549659237,0.6984808097281888
79,13,6,9,0.7161381777143069,0.8534027221808783
9,3,4,13,0.43178249416549597,0.6322787673435242
45,37,8,13,0.8892014984609,0.2544827540985316
92,48,19,9,0.3119388821568376,0.8616366233543087
77,19,3,2,0.042430737248644546,0.5104271961272193
24,28,4,5,0.6498760292315197,0.3811908029602469
74,19,13,11,0.6842392266025806,0.604726119632974
42,17,2,2,0.5535916089787103,0.7006122236383164
22,18,11,1,0.683332645694598,0.5938298741151422
60,18,16,7,0.523754344474395,0.9202454457228059
86,23,10,4,0.6926328160990456,0.6280178059990537
37,40,15,5,0.043937406555194514,0.8785807126255765
39,9,10,4,0.3683973702210215,0.5869584351538735
84,29,2,6,0.21081691795368462,0.3296795737301249
74,42,6,11,0.09932613861162731,0.5322968174831954
74,29,14,2,0.2340926361660719,0.08633668965160257
90,2,2,8,0.19131061803178817,0.2301746338957943
89,17,10,4,0.9731313883615972,0.7662316622037167
53,45,17,8,0.2865459177184627,0.6614756106844261
28,31,8,3,0.2309589701471595,0.16651871053386136
77,28,16,12,0.8348745062689928,0.4380151762580812
15,43,14,12,0.41911621726883896,0.14199220593024975
60,48,10,11,0.4214654484493091,0.855817856373974
60,39,13,5,0.44359046638015176,0.10916970175428886
6,30,1,12,0.4165345061206146,0.6542349967603346
52,35,10,3,0.32656545495884837,0.6070000009781692
12,48,12,12,0.2863394425547898,0.47277664564684985
19,20,17,13,0.8819596764854412,0.2782346226641418
96,16,14,7,0.1617073461353562,0.4039564999930294
75,34,5,3,0.18106235292293926,0.806391300461047
97,14,19,12,0.5717191004250424,0.7615508155461025
2,26,5,8,0.34365857966273505,0.7388091151611365
55,20,15,9,0.4215293648470272,0.7498235843610578
15,42,13,13,0.806546607890683,0.14388637435533913
64,24,17,12,0.9036310603771054,0.09909645036243164
69,43,1,2,0.7905536795565471,0.8614986228540221
15,18,14,3,0.23492826329075156,0.8371745703444439
43,43,4,12,0.9799712896090502,0.6813183040463634
74,9,9,13,0.36317650081609587,0.6059057453155382
17,19,17,7,0.169067061164613,0.3668717064823884
98,20,3,5,0.49949670546804004,0.22408259157800325
24,42,13,10,0.7252857696349472,0.6676564377298364
74,30,12,7,0.08327088130807403,0.9130346380824769
30,26,16,2,0.6342869146210478,0.43699657573815
67,31,4,14,0.8580779234265963,0.30321247022290354
51,35,18,14,0.2617814826920877,0.2707418134894911
60,3,3,4,0.6931232121767075,0.023705242899748624
3,40,17,1,0.39990862996044063,0.5203167221940654
5,29,1,5,0.41413514313958166,0.9882360298548315
28,6,19,8,0.2808140312089128,0.8152377161393224
78,1,4,1,0.6243937964398953,0.8974747181652583
11,24,17,7,0.36099925303015457,0.6211640962755061
72,38,7,7,0.8309030034615783,0.48144641048275083
72,34,2,7,0.9629054230495309,0.9904570074037514
76,7,12,1,0.9350876800409245,0.4471621106388469
15,11,5,12,0.16312837299298855,0.9168305757134467
83,11,16,11,0.014190299994750522,0.761844808783735
48,36,8,3,0.4384683411221577,0.33097842523805265
46,20,8,11,0.7288837076721867,0.503062183252985
28,16,13,2,0.977455268334961,0.3843292217637013
7,5,14,5,0.7834223015721056,0.1362232741659649
71,24,11,2,0.5805493218670399,0.356766581562193
94,30,6,13,0.026352912229547387,0.8889728842800945
82,30,16,14,0.8255406915073545,0.752635685349068
88,39,15,5,0.1771450339292111,0.277581074301662
6,48,16,5,0.05560651418679041,0.3679133130975384
58,47,13,4,0.8503588473542644,0.6164339230065218
68,37,12,11,0.566250867872007,0.4161398150084874
55,33,18,7,0.12855159786044934,0.5030441163645629
67,20,18,10,0.38654266317408115,0.6981684110959824
49,22,14,6,0.08554166722556333,0.46725084814402074
51,41,2,2,0.638010806927802,0.1909697896671958
59,21,2,4,0.2824272663426748,0.5205739373148293
6,37,3,13,0.8660941313653747,0.35611823021709244
90,27,8,14,0.35779602881969197,0.2907342284586226
51,38,11,11,0.49463386301991774,0.3281085611065191
38,35,12,7,0.06352339750597513,0.4390022174900057
11,38,4,9,0.27559261664396983,0.8866131428716211
52,40,9,9,0.6767672716905974,0.7340571043302002
93,6,17,12,0.7362627677776401,0.6678819385013619
20,32,16,3,0.24282185501123366,0.4712602108817334
10,16,17,1,0.5038200987207079,0.0018299471496834308
26,28,15,9,0.8175311052045051,0.3405507114390913
48,16,7,8,0.3799101608895553,0.8131920399794735
91,27,10,7,0.13377126735678924,0.3881709095177397
14,3,4,6,0.43187038961246926,0.5638191250676405
59,49,14,14,0.6006286654320312,0.20473981634709681
12,21,14,10,0.0073985281923795165,0.9158577418457908
23,38,14,7,0.3485675066807289,0.9231704357370666
85,38,14,11,0.6074358208951647,0.1460703839583538
72,30,18,9,0.9519119500446703,0.7241589492063322
39,22,15,6,0.4085487324756647,0.07523850775191299
9,19,19,14,0.1629722654793263,0.5985476179800978
88,31,13,14,0.5342190979668533,0.17865365082599638
95,20,12,10,0.2857523610996804,0.14570525248920385
25,47,19,3,0.21477939931478396,0.004119817392669867
17,19,19,13,0.590403259028062,0.9408571368674034
42,2,2,14,0.9158835343364059,0.8292524915204579
29,40,3,3,0.8352242043392859,0.07747555725795907
60,39,10,4,0.18229253886909247,0.5993756100670233
67,27,5,10,0.7658794583498564,0.23289823479923288
85,8,12,13,0.22986863437336924,0.2640158821396067
57,45,7,14,0.2907012606932192,0.8741703216759925
72,27,9,14,0.9200515068834888,0.11432574560120223
14,15,2,10,0.9110501507137712,0.6014901356630435
39,12,10,8,0.16863076454516235,0.4012555349790091
16,47,6,10,0.06419185592348142,0.1908005996302896
18,14,12,9,0.29311810323694876,0.4519180752626625
95,7,6,14,0.5817750597777686,0.9404892871061282
75,17,3,8,0.8768916778163262,0.7816100492305522
20,26,10,11,0.11883738890049111,0.13211140136366695
46,37,9,10,0.4149585022025196,0.8494297397176472
45,20,5,2,0.27174978672052563,0.9374405289874431
4,10,3,4,0.014928967236017665,0.27696428084220726
84,19,5,4,0.7884462607929984,0.33341969551534767
95,18,8,12,0.8132842131676772,0.12630992662205498
20,30,8,2,0.22122906177531643,0.34494010442174217
11,30,14,13,0.151240250040368,0.6731407971396123
65,25,17,8,0.14456085362219717,0.2721550150962677
18,24,11,3,0.4639471897642874,0.006825010766919992
39,10,16,2,0.24649558743576983,0.3385446476334715
44,2,6,7,0.511355642488501,0.4531740289687326
97,38,11,1,0.38485173715183973,0.5663560374207093
18,32,10,6,0.21089030490099125,0.6838251043580197
47,35,9,13,0.7511917895573142,0.061784344228770105
31,37,15,13,0.15036389033582276,0.4697519452994411
99,7,7,3,0.7989023148204372,0.2663624626840184
39,7,18,13,0.5614463836902922,0.9479695655444975
38,27,1,3,0.8320371426764441,0.35989850979392257
79,10,15,5,0.004759040069905018,0.10012369871987037
47,33,2,14,0.7491885190354829,0.041491490771571105
70,43,2,3,0.05151559325111532,0.26540588759490646
8,7,10,12,0.9500987190378207,0.1788787388826426
86,6,15,4,0.702739488390535,0.6497996268787427
65,6,10,13,0.320172290621358,0.8469665417076332
13,13,19,13,0.3198504928457496,0.3125587034702625
55,48,13,3,0.8614923797186251,0.5777914549604904
88,13,11,7,0.9028401284526587,0.7303052769810532
85,2,2,3,0.8915732810387438,0.39848768913933497
43,19,13,14,0.8087402925663275,0.06632561133806758
4,19,1,10,0.8190320208363729,0.22918491092778526
71,38,5,4,0.5727679028775595,0.8830658080886833
60,2,7,2,0.028231052949068136,0.8244802662548949
12,26,13,2,0.08677328205899493,0.08653252882391704
59,6,13,9,0.6495532494062001,0.2239487233672408
77,20,6,11,0.401165160327027,0.76916528212332
54,23,12,1,0.5673096308415861,0.48589823198882
44,15,8,1,0.23107762262212872,0.7599670316957243
16,6,9,10,0.649417173643192,0.2110924716621465
6,28,18,1,0.24282954419334069,0.9526981391702748
14,35,11,14,0.460812797975354,0.7836074487998993
58,11,11,3,0.478719899591182,0.19745232482600805
31,8,15,2,0.1776682298391592,0.5584492006799889
41,49,9,3,0.8762077263876397,0.11309712809625783
35,24,3,14,0.52582105627312,0.36143481512650255
10,21,17,5,0.8667837779383459,0.6596213684755208
81,49,17,9,0.26253569549592404,0.3301276879287717
30,36,3,2,0.17233594546814057,0.6567583957579679
44,7,19,12,0.018016647620129667,0.24477946466076195
55,5,9,11,0.09386465972650726,0.721206780533067
71,29,17,14,0.1474706048866119,0.3595895739199291
18,16,18,1,0.07885556237796953,0.7904812709114372
83,6,15,11,0.8968792951421874,0.13668991471781355
79,14,1,6,0.9114383079417638,0.3619779493522852
86,2,10,3,0.9373626722750439,0.4639324537746842
39,25,8,13,0.9598608365756688,0.42384552450057666
42,31,10,7,0.49183500501993827,0.43309450452034004
54,13,2,6,0.5300246368249503,0.4448033333450726
30,18,19,11,0.13083042857355243,0.9888035252326512
20,17,14,7,0.1370520377520581,0.19315710326965474
96,45,8,13,0.7727564386560676,0.7686638305086043
42,28,19,13,0.8557290841417408,0.551788781106658
89,12,1,5,0.7847144306310921,0.41362841810985407
87,35,16,1,0.8345758649949531,0.6335287171752645
5,22,15,14,0.2765703154282998,0.8535314430998039
50,39,5,3,0.4660657843187356,0.466638363953086
41,1,3,3,0.459199383395387,0.8648013689610676
94,37,17,7,0.9952834031417301,0.09379833495904988
39,21,10,14,0.9491780201157658,0.6530842219930989
57,1,5,13,0.5984861064260061,0.3331800613208632
91,4,11,3,0.13797313314069337,0.38671532727216407
57,32,6,11,0.25859603863067715,0.5710197509043037
37,1,4,5,0.3637615549817358,0.4799167982975723
7,13,7,4,0.8732116596934296,0.3817794385098544
5,46,19,4,0.1706324570633776,0.3083234218197314
79,47,7,13,0.21974691662810508,0.6183153022315322
51,17,14,7,0.349384691669827,0.5055796518296253
8,12,17,1,0.9269101886533835,0.3233091255108804
56,7,17,7,0.5038120907763871,0.2049610188775588
73,3,13,8,0.6468360365975345,0.7744681959637522
11,26,1,3,0.38722330507017844,0.7997149245278878
22,31,2,3,0.18852211110846673,0.21378812698020266
98,36,18,4,0.22280053740848016,0.2616490132446003
99,26,4,13,0.8026712203158792,0.2391430225014869
77,3,13,6,0.8934820383198383,0.8845697455765414
11,44,1,14,0.49307565589314495,0.7741303810618505
60,28,4,7,0.3569945274592565,0.07457352324998068
96,44,2,1,0.8078351365272624,0.8326659498270857
15,17,4,13,0.6730947750809279,0.03685182072579163
38,38,16,4,0.04087397748563315,0.2531997909830127
1,47,4,12,0.3507408988828107,0.918991384096615
46,30,9,7,0.6821729782360418,0.8643312947662094
88,2,17,11,0.5736798202909772,0.7814345147246148
43,8,2,2,0.9780673088462226,0.4575472291092496
22,14,3,1,0.8661153782252905,0.3214141010200078
3,37,15,1,0.05973840573126099,0.8815458375404567
14,35,7,10,0.7257690156723606,0.6570740902692122
2,42,4,14,0.3363266123304779,0.29550885504779345
61,39,12,14,0.6820827030859464,0.46319587796544825
32,11,1,6,0.6172245860913963,0.8815002222616192
38,15,17,12,0.5030502591468411,0.9034554360782215
97,2,4,5,0.852949554339555,0.6593020939717295
46,37,4,1,0.7086898601431678,0.7325558607170338
42,43,9,10,0.8895551145020065,0.039297833228803536
6,32,10,3,0.2816037491030493,0.6046005076371881
41,40,19,11,0.34812752459460206,0.688992568370977
25,13,19,7,0.6219513498104688,0.02037714708023164
98,43,15,12,0.9664644373617358,0.8438589879562556
11,17,17,9,0.3715820993371812,0.9282850116507411
41,15,7,13,0.032293650067491186,0.23793645241878802
71,33,3,9,0.4458879554219567,0.8457959326969645
57,16,5,6,0.5439295625290231,0.6655125827091642
46,13,16,3,0.8009874086995432,0.5806958197501985
86,22,7,1,0.7286004799966389,0.8431259736891485
48,23,16,3,0.9646626807183362,0.2856105357452037
63,36,9,10,0.7826827605564662,0.790856177686854
39,43,1,2,0.29862843706788267,0.31452076766820325
10,10,3,11,0.6413803109801697,0.7874565429080738
85,17,8,5,0.6722411933965523,0.4510540057564575
70,30,18,8,0.9980205148205229,0.11694547149308043
65,13,18,5,0.1387379112267776,0.3815198603059905
98,30,19,1,0.19132550269045678,0.23349327830975064
59,46,7,3,0.15551364400868894,0.10053155078621911
78,30,6,12,0.5890601141659638,0.11028706842366498
36,7,11,5,0.1353010722340201,0.7800713985040498
27,10,5,7,0.6560077089045355,0.8813978525224676
73,35,12,5,0.8037740508642188,0.9271291194325039
55,2,1,14,0.43279292420686044,0.8539461723304547
70,30,19,10,0.5606850818894642,0.8302240972854418
95,19,11,5,0.9127220832912908,0.06883585151660598
81,39,15,7,0.5695659175775012,0.7901235947217103
53,37,16,13,0.20860555203486741,0.783282659656451
60,3,3,8,0.34319379844336184,0.13129039410461318
61,25,11,14,0.5298458033394685,0.6620092319346323
36,34,11,8,0.15489768548958494,0.45250733645928154
85,22,10,7,0.6125198353568693,0.9000135234720708
27,38,2,13,0.9992460918840257,0.6954083623956674
41,14,5,14,0.6525349649409644,0.9509875363742522
28,39,8,3,0.3724111440144412,0.10492264527464368
16,2,13,11,0.3317464916810625,0.040607314452393184
35,32,15,2,0.9316033226072752,0.973579357760546
36,43,2,1,0.8715142905786558,0.08019216144490438
56,3,12,6,0.4723586201987673,0.3861958209102295
99,41,8,13,0.3534145645002842,0.6499706222505548
19,8,19,9,0.7104642835964525,0.8800566733340838
57,26,1,3,0.3145024755542828,0.25457731821392604
85,32,8,5,0.11940323225254046,0.029058211885023333
33,11,10,9,0.31015221230152634,0.5212867904991895
23,1,13,14,0.4342959821172019,0.4711120202722413
63,15,5,14,0.25541137598270813,0.30689318218907957
70,4,9,9,0.21681372583772296,0.8738993675014491
96,4,10,7,0.006140162664697746,0.7493221715832347
22,28,14,14,0.6308427814040466,0.8581163831992467
67,10,11,4,0.6144489423161189,0.1618089594771992
99,11,14,11,0.18802523777072822,0.692411958940341
80,23,3,2,0.9436500718111842,0.9751017354188574
59,47,16,2,0.4095709018047581,0.6119138918086923
25,3,17,4,0.025479433576306554,0.17136436529548615
17,39,5,1,0.21977191726484357,0.9957803944681345
39,39,7,14,0.6920674842711947,0.5283235815583782
77,17,17,4,0.20161989881059528,0.8400590182762472
92,22,11,12,0.05391245887605611,0.14936144743043134
75,27,12,14,0.6177062213946729,0.6660962177579214
74,16,2,11,0.518354790594183,0.9126176982038638
39,16,19,6,0.7612658360984534,0.5320178191119393
24,40,5,6,0.7726313885441417,0.2886600605848044
38,3,11,7,0.9599352537877288,0.1274218279575865
88,47,19,5,0.05701754401853876,0.2959446652383303
97,33,7,9,0.038989419818228344,0.35488420292685796
81,42,6,2,0.9871970480276607,0.7099551052298295
57,2,11,2,0.6448478776969538,0.17862140702960194
44,39,14,4,0.7153705396675714,0.10610485571540762
36,46,4,4,0.09648201973516846,0.3869395410337545
99,48,8,4,0.06981269084833697,0.4586536164091378
70,27,9,1,0.160253593935771,0.628385052217505
80,15,2,4,0.4271956027974696,0.7075313013009391
45,7,11,12,0.11017618273297569,0.8892777088335996
92,45,7,5,0.44633374044082796,0.2889535655280361
96,42,4,9,0.5615359031013367,0.528607822691929
26,9,14,3,0.0003329678851079487,0.3660407068030652
11,41,1,3,0.11424563079197747,0.0014216720309900843
52,6,12,14,0.37519519176787874,0.5794318227199275
25,12,19,5,0.05332979269680016,0.8157960756711387
31,30,5,10,0.1335289733121401,0.03643948610339409
85,20,8,6,0.23179639045595446,0.0034917586029702408
45,20,11,3,0.42960141416764697,0.727818406510738
67,46,4,1,0.7148371979367092,0.6838597250088332
76,27,15,10,0.1326886118258459,0.4058521053350209
40,20,12,8,0.7379585719093322,0.6616048816209097
46,7,10,12,0.8550607297172208,0.9533860725310008
54,40,16,1,0.6514787668852333,0.24786279655530363
41,40,8,2,0.043725695427797806,0.24592659453158383
89,30,8,3,0.44065368692744133,0.18623220476421387
81,8,6,6,0.6600660016334998,0.7239867499737503
38,2,3,4,0.9785131346073124,0.35318923817134007
36,14,8,4,0.9518083880692424,0.9886931339871307
83,10,10,9,0.39570315443991877,0.7146489034571513
44,18,5,6,0.6159310722250926,0.36737688664738455
57,18,11,12,0.8908151473615851,0.14918603406346476
66,16,4,2,0.8310462473761965,0.5920248165277222
81,5,17,7,0.47942183411274975,0.2949032530964255
30,31,3,13,0.2612413308916234,0.9055090812962866
10,37,18,3,0.13709994679883297,0.44140439987647473
99,20,8,9,0.4879801550832592,0.2926499645385542
61,23,12,6,0.7228458753432891,0.5885518145706807
63,32,16,8,0.9697697132162659,0.13697450097106467
36,42,14,13,0.8618149048230889,0.5615490728028784
54,17,16,13,0.20424095524816166,0.05611147851974019
97,13,4,1,0.7197781268224699,0.6068886817472076
65,49,1,2,0.28910125385843044,0.5301638439014289
82,13,1,6,0.6834725944335964,0.5207659821389716
4,17,15,3,0.6658054604607726,0.6841643870577806
55,15,3,1,0.27243060292554144,0.04445661442668469
54,26,14,6,0.23438862021728646,0.4597314646302961
91,44,9,5,0.10393776258892584,0.44403866304037454
89,28,19,13,0.0505396368046267,0.4597824418424993
64,42,8,9,0.858451058856471,0.9798909710653433
92,45,2,6,0.04984939463504168,0.13927847314426034
22,30,4,5,0.0887411665251141,0.6904297570595925
25,43,1,1,0.23885203536819988,0.40199613737855644
81,35,11,1,0.8876583284622761,0.5117265243245136
59,22,5,11,0.33294036042219133,0.7623939058561962
57,10,2,1,0.19179955745659216,0.15737544257348102
54,11,13,7,0.7155554957950951,0.7635852126364923
44,38,17,6,0.3190697548686857,0.0703307826844396
52,33,17,14,0.33336663807619626,0.483309511209833
76,6,18,5,0.738976595938536,0.7420708576995805
16,37,9,4,0.2516528156083059,0.19255145535469942
16,7,6,11,0.8967600477056256,0.7709156460354234
81,44,3,14,0.5614216779983453,0.16681250692574323
55,12,8,13,0.537831711172414,0.7992387569371213
61,7,3,13,0.2647522350662096,0.4689355729418375
95,2,1,11,0.8350943401299257,0.6846383318631067
79,1,13,8,0.5727495508715014,0.9174064583691884
77,23,5,11,0.15551654790522595,0.40842152361373374
40,25,16,8,0.2062982372447626,0.23295752682277282
91,18,16,5,0.4682559088206436,0.8671640966176769
21,44,12,4,0.7796418224163886,0.16161664810477816
66,7,13,2,0.9392952736169602,0.6314760518374166
8,3,4,7,0.6634986303769468,0.9232532880406146
71,29,9,5,0.5061432495582981,0.6743967115353057
10,10,16,3,0.2507319775120247,0.19568108545001528
57,43,1,9,0.6728679604557496,0.15228395176323295
4,5,5,9,0.9822397558535073,0.25230553110059106
43,34,5,11,0.476222475539235,0.3914068328565784
99,8,19,11,0.1621418788898954,0.1591590318499031
63,14,9,10,0.10334058145417857,0.7978140664413176
43,40,8,14,0.26925618259898143,0.3570353426088887
67,6,19,11,0.5694420190212435,0.9360867359127264
82,1,18,8,0.9468053010913289,0.842490864035324
51,33,15,1,0.2991650830641467,0.9088182628016865
56,40,4,12,0.30539117137160443,0.29449271500354
43,11,15,3,0.4811796591121924,0.5737315438221902
24,24,13,2,0.9185423350991888,0.32144951804235744
96,10,18,4,0.4190550505890892,0.25694851158084764
34,44,5,2,0.22322939186093316,0.6070867812025507
59,23,18,12,0.16313091498177135,0.817995380599782
2,16,8,11,0.45701536927248165,0.09359780612665425
2,37,1,8,0.8006774357301496,0.2757687613660714
10,16,19,1,0.2913524047243896,0.20513418088612723
23,44,17,4,0.5125226392306429,0.7983501731560643
15,31,2,5,0.6030082724225491,0.9333720730922194
76,6,19,14,0.45047041165789736,0.07994271018335897
17,30,16,10,0.19169024135328938,0.379213414707241
82,37,18,4,0.9217456779348554,0.9145090427186567
14,1,2,8,0.565449235234484,0.34463822054629834
81,42,6,2,0.7291343839138855,0.7126614363137032
79,25,7,9,0.6360430054379329,0.10066638651934301
76,46,6,2,0.9980480217275737,0.4443875316121423
16,21,6,2,0.456310134438656,0.5033007755916284
32,35,9,13,0.42497237329909343,0.7576640779850603
23,38,8,2,0.36013986609000626,0.2888246505798262
34,5,9,12,0.36162845934026266,0.2641885725505271
98,49,12,10,0.27577021071723673,0.3029676701958314
16,12,18,8,0.980630125146547,0.5556965087937408
34,5,6,3,0.8707820343019119,0.8760044134647508
71,9,4,10,0.3166730049572162,0.8309413964613068
33,44,7,11,0.3052290446498356,0.05794565641100191
68,9,18,14,0.1035339871850548,0.8789551112920235
43,35,5,10,0.8770308605094929,0.09510937421839183
64,1,18,14,0.3717660508266061,0.4153480693188697
71,47,10,8,0.5726153921451278,0.7654044392542212
18,10,8,7,0.9003777288809311,0.08151103603394316
68,46,1,10,0.4081006484742057,0.04039968027696683
61,39,15,4,0.8068680434228418,0.32999580361079417
75,36,3,7,0.4302856262487571,0.7299256078573148
20,37,15,11,0.7009409390177527,0.5217564375721148
11,48,14,8,0.4311844071921811,0.41700187060968763
79,35,1,6,0.3927591345546926,0.8130733175157218
46,17,8,6,0.990709239561908,0.7667092621942446
64,13,7,3,0.612349842003575,0.7860432097339646
81,6,9,5,0.36739118162297923,0.45972682394920195
98,37,18,10,0.25781947708681785,0.019449242492031282
76,48,12,2,0.03976637022961638,0.17213697349153023
28,32,8,12,0.706566340248727,0.7413004282766258
48,11,8,5,0.372157428195262,0.753173471749625
35,17,6,5,0.8212541637787648,0.9722986127013363
8,5,3,7,0.3638684606223187,0.19018652691019278
91,6,2,4,0.37332919242503027,0.12292678815264502
22,10,14,14,0.7791810064067561,0.13878963373601438
24,33,8,11,0.4894666567526538,0.18478811507414028
66,30,6,6,0.8848947706013929,0.5284683395078745
95,21,4,9,0.590135756704552,0.9752114629741515
86,42,5,4,0.2406448135143765,0.589431483000607
64,17,13,11,0.5682718543000335,0.5226880656466428
65,27,9,14,0.00400167593470202,0.673356230383871
14,3,13,6,0.3123973747187192,0.07393039075815655
25,29,9,13,0.20795234049781064,0.8153541341503657
3,2,16,12,0.6541878556029347,0.6468795433192011
5,29,12,9,0.13603858349980502,0.17119167959052517
65,49,2,10,0.2900974467614731,0.6307154211994302
54,36,19,12,0.33130855432339534,0.5962079625658703
19,34,16,1,0.003293228863884834,0.06485298549480056
97,37,13,8,0.04676656825283365,0.2669321978457563
54,42,5,1,0.3111261279775227,0.39094162288928125
94,1,6,4,0.22235645319191222,0.24488852947698014
76,26,17,3,0.11690673861515555,0.24316168779544078
10,1,17,4,0.15416165635395795,0.5729484736974183
98,4,17,14,0.8355369613800863,0.470859017060439
16,39,3,7,0.6833195755127026,0.667292181728008
46,14,13,13,0.4841175310016498,0.9564070871099168
29,46,12,14,0.9088747762369326,0.6605560446012119
15,18,6,9,0.029552790941618556,0.5820959322825418
48,34,13,9,0.3449349359438195,0.8475594916654977
11,1,14,10,0.8233837175040588,0.6320731105670357
34,22,7,1,0.6282889945853214,0.16556127030880097
36,16,5,10,0.9816874344919869,0.31474869945846284
30,22,14,1,0.9445149232882093,0.7333602826844045
99,16,18,9,0.16994249107498371,0.7383823830270201
73,28,4,4,0.9719869971956716,0.9870087503089592
82,28,1,12,0.9455347859740725,0.6269748784023066
19,22,7,13,0.3736109450736824,0.8995451880859054
68,6,13,14,0.9828802916889527,0.05458031058952706
70,25,4,3,0.03584415232456073,0.5662223448106485
33,42,13,13,0.6607505549132981,0.9198480247021956
96,2,4,9,0.26614780426440876,0.28724423517819553
80,7,3,5,0.12946309659531963,0.1548766037942092
75,17,8,12,0.5775349249438466,0.3505101600967603
22,35,8,6,0.3063503081851944,0.7922361672442688
36,20,17,1,0.666825343811151,0.08470081468131563
23,44,15,1,0.5399810521144203,0.6003386583690844
63,2,4,13,0.39258940090865946,0.13563160584427647
26,7,6,14,0.18182216131489792,0.43553244154724624
60,32,6,7,0.6012501974721767,0.9659770015516557
95,49,10,10,0.8292306294755517,0.1951442698468865
93,19,4,8,0.6000044685092812,0.034016548846032335
5,12,9,11,0.6105225557736857,0.42720333897804263
54,9,16,8,0.5118373641477683,0.5776955876901549
38,27,7,14,0.38824011732829167,0.29751773503139467
62,14,14,13,0.4574580416335462,0.5417680033766924
25,2,6,7,0.9895417571200821,0.9534019462519872
98,21,1,13,0.7496685021052901,0.3117707874161204
12,4,18,11,0.43055946397999445,0.3094270311992908
22,21,12,9,0.4572963999545204,0.4827678978809543
9,48,15,1,0.49963200774974226,0.5153163358913544
84,22,1,2,0.6593141943788129,0.0013659258750852166
29,49,15,13,0.46595823421551474,0.6158751312048398
44,2,15,3,0.6861791184392434,0.9973573486647108
93,17,16,13,0.32918780664784786,0.29200804947045655
27,19,1,12,0.41063963202112397,0.6308100462665291
55,40,3,13,0.8640531247038472,0.004621655034006689
81,24,12,5,0.32890565470154265,0.6043266122968982
5,20,7,4,0.9644367331750017,0.44706830942781794
52,38,5,4,0.17250494698489294,0.5302931534646736
13,12,1,8,0.24167981570717267,0.5439049674923837
42,25,1,8,0.46367975075490786,0.1769529692998537
15,23,15,11,0.7974087260553696,0.7699681218792903
79,34,8,7,0.7315754776283336,0.555469621010339
18,32,11,1,0.17446601761438973,0.27019445949699417
50,24,14,10,0.23668502596783692,0.9373815465654324
2,42,13,4,0.5752629890508375,0.012773710004056027
87,25,19,1,0.29516474529870296,0.7259372139997892
13,3,12,11,0.42232532447960347,0.3812351856571038
68,25,19,14,0.4865941754870289,0.5225448313113069
47,28,4,5,0.5942460053504046,0.2915097494455816
89,12,4,3,0.25105132443926537,0.32125217626335323
75,26,3,3,0.16314014355495954,0.015166214610901396
50,48,6,4,0.39856338779402645,0.7298450887119022
12,44,5,2,0.08202622485560007,0.7107984108007185
13,8,11,7,0.5267651710909123,0.6543582004072221
9,5,9,12,0.8396051592349743,0.8779506805840079
59,11,3,13,0.1189756594327186,0.901267580558434
45,42,9,4,0.11273053212952899,0.5564443194252554
70,35,12,5,0.08021779886735214,0.6848234920670627
43,27,3,12,0.847861289761902,0.010998401070459796
74,41,17,14,0.08070489492816302,0.8463430588751987
23,44,12,2,0.9834620353844027,0.8164134241294976
79,38,18,6,0.35833129404611797,0.020248618423494902
45,19,4,9,0.32876215914247686,0.5428252167417182
23,48,10,8,0.09163175209704921,0.9066555704372695
34,32,18,8,0.5856412126384168,0.18138798703128045
16,46,8,2,0.5858822123527917,0.35264492155709815
63,28,9,4,0.4938058272901428,0.33105367851868106
51,36,19,8,0.3110201472158838,0.3559404753997515
32,18,13,11,0.3685808900654213,0.041886030455102086
38,10,6,1,0.32050339367373804,0.2790176837653664
56,32,7,8,0.4261464082805019,0.2948563127002356
69,18,6,3,0.34178810548122596,0.8658720484895911
17,12,11,8,0.67551731986525,0.35211600713170255
86,8,17,6,0.29578647234726974,0.4472167398935514
39,33,19,7,0.35083823149445414,0.38073805988038867
41,46,12,2,0.4354598847891481,0.12067344960158177
48,38,13,1,0.003961834270900244,0.990356757725624
82,14,18,6,0.49208257422089197,0.8258251907047308
28,2,7,12,0.2558198031929346,0.5409203070273668
77,9,5,3,0.056150454024517904,0.4763644943891714
50,44,16,4,0.9110212987647949,0.6492547254630091
1,5,4,13,0.322418733886932,0.3264311485232382
50,34,1,9,0.4260852636727043,0.05028287035447854
19,19,4,3,0.8273431583382418,0.4043168136146872
98,7,3,2,0.1667889707537198,0.9839775774078607
59,39,4,2,0.850308809581341,0.18234680587772278
68,42,1,2,0.2416379480773777,0.5277052921529723
67,17,12,6,0.5890378916153172,0.008521396321578667
41,26,13,2,0.6856783801661783,0.12203151517858479
10,46,2,11,0.9050139458677754,0.5871917004671171
28,27,9,7,0.6076379946841319,0.29741392950783496
34,43,7,7,0.4532318012500003,0.9056844864606248
39,28,13,7,0.5722693523417774,0.40616976595723475
83,20,2,14,0.20208246274020392,0.20803359713105252
56,6,1,13,0.6890743341498506,0.5455917692847035
52,8,18,2,0.18688071205055523,0.7949736351759626
3,32,7,7,0.5572476120782569,0.01941969619739481
23,19,18,10,0.647603661360489,0.5055201186300413
17,32,19,8,0.8985831804077546,0.7734265567271462
71,19,8,8,0.4501898259776145,0.10358865463202915
26,24,12,14,0.7753332265892126,0.9027985189331454
18,24,11,2,0.16753048830427653,0.26451740996684936
46,17,9,5,0.15619647873382503,0.1706036077128268
70,18,4,14,0.5247980137199302,0.5892560729026746
31,12,7,6,0.596340765110103,0.17503114581802892
93,41,17,9,0.6323410407329082,0.6797015203711821
9,23,11,6,0.7456740420237783,0.49010208199843
35,48,2,10,0.2949314877612099,0.10995596176217992
81,18,18,6,0.6226077218524555,0.9124901345820481
60,16,12,10,0.18813912080632267,0.6732054099635502
76,16,9,10,0.21899770905456228,0.545993026533768
63,36,11,6,0.06730888837388127,0.37434061535013075
52,23,5,9,0.7470005861387303,0.1348599046704717
48,22,7,10,0.506992970385584,0.7075183710613221
61,39,1,7,0.23818570559956198,0.8136558200290593
24,33,5,1,0.5562377257002904,0.1258188499383126
74,24,6,1,0.35424019863378753,0.4945676245381424
58,20,13,14,0.8372099102892684,0.4848461869924896
64,33,11,4,0.528147880795364,0.34991170821996764
30,31,8,12,0.029810722853826133,0.7893418953918051
29,40,2,2,0.985095286339739,0.09952978380684696
10,8,15,3,0.07429853823593424,0.20501922487209
39,10,10,12,0.6959581889000698,0.0016027689185067473
55,1,8,7,0.43725583920261035,0.37298538808301485
28,21,2,14,0.24931780652009627,0.291178167900372
18,25,15,7,0.676458234462903,0.8669939837581565
41,32,6,14,0.125897353704987,0.7458102440761548
81,46,5,12,0.8582466984564917,0.0844721965622719
75,46,3,3,0.25061198591313216,0.7409559150623704
65,10,11,13,0.36145365838396726,0.675400221419557
81,48,11,2,0.6326436363041963,0.2817242736003297
46,9,16,13,0.001029315565366673,0.015460774704610047
60,20,3,13,0.47274861438886706,0.11516240138871248
9,48,9,1,0.8942489215016713,0.24994108461855935
45,20,3,9,0.6804156412736363,0.8166223661523051
60,40,19,10,0.38790036493863456,0.46531282590780865
28,7,11,3,0.6604244281443521,0.9183955264590502
97,11,14,9,0.9365694249033396,0.7891484594482999
3,21,2,4,0.18780531683598334,0.28710817984400683
51,38,7,10,0.5318080088386673,0.845362156580513
8,47,10,6,0.2347375812130953,0.11672484041075704
70,19,10,13,0.8542246391707045,0.03611752045400307
59,46,1,7,0.7210502516015632,0.6085381209133157
61,15,6,10,0.8010759202494938,0.34174303487963864
58,6,14,14,0.9430118524931661,0.32942568666264715
70,10,2,6,0.23230877638218161,0.6872081861316874
93,46,6,1,0.048719171515747894,0.8501038278229037
12,16,1,6,0.2909037201689264,0.32217550534020145
9,45,3,11,0.3991393086282702,0.32501382202250084
49,11,4,14,0.6251598066728664,0.5338510392923871
83,35,13,6,0.7977045624757104,0.6531836020804398
17,8,3,5,0.3498032880468829,0.20290579555517785
54,28,15,3,0.4734969867369291,0.9126791529118726
44,3,13,10,0.785467265986192,0.6544165238520121
32,2,11,3,0.22532872632877532,0.6251618113680982
35,14,4,11,0.21713192793843183,0.9041956360677682
78,29,17,10,0.5892329898300337,0.9072650805944771
49,47,5,13,0.43605683051786703,0.1355501206264893
54,3,8,7,0.9488968030354351,0.14507550397986724
16,1,10,8,0.35703054298457804,0.7619486989401476
85,15,7,14,0.7595556035068329,0.9568799455439705
12,20,17,3,0.5830927434640357,0.6665136785131079
88,22,7,3,0.054576091949676275,0.4113169986071701
98,34,19,7,0.08438554800944842,0.6834731397737456
8,33,9,10,0.20315648818999021,0.22881157635653881
21,9,2,12,0.14315262284902597,0.9979662998077837
48,3,19,7,0.3293714896444426,0.4310852178590181
8,2,6,11,0.5789889159986902,0.9316860025086955
28,4,10,9,0.6023625430073862,0.4307980528637749
80,16,13,14,0.5877677851627399,0.9281397811219235
10,33,2,6,0.11760863463315407,0.33568544147991564
52,9,10,13,0.6002254108604961,0.7605429846558067
15,40,10,7,0.40974688685738503,0.9510020124090163
4,38,5,11,0.903052665252727,0.6459806781957683
90,18,4,10,0.9119841961076944,0.6775652257748761
79,16,2,1,0.7681738266838394,0.10288624532205115
96,8,7,7,0.7031071510992242,0.4742199471639009
62,23,18,2,0.11495271731747303,0.8867554060867875
4,36,17,7,0.08469421158669721,0.24090983623071816
41,3,11,3,0.8408336909140859,0.7883630134983131
73,15,18,9,0.4270158164574551,0.6757098858039411
99,38,8,13,0.4513622752009461,0.22298596474053745
55,33,12,5,0.8477930900130304,0.2827912052679644
28,18,1,7,0.6214309590607883,0.42756090012069714
47,23,12,8,0.1794072409021057,0.12512921552072565
9,43,6,13,0.21101322898736052,0.913371297158207
2,3,3,12,0.006377169034834762,0.7393576050720555
67,30,5,2,0.7106700939415648,0.3649641000035797
48,45,14,11,0.48561165849448507,0.2996654953049618
69,17,12,1,0.9499639128370317,0.6895788703123774
74,32,13,7,0.7140128012482679,0.4242209219527411
28,46,13,6,0.1031526607665667,0.22933657190507273
79,7,17,6,0.1615414599392695,0.4301507529737574
14,39,15,2,0.501724646783326,0.8712969832225722
46,14,6,3,0.9248741686627325,0.06860663653996346
87,15,12,4,0.24725108988378153,0.368358247281912
13,44,2,3,0.8255802019124392,0.9623394230171654
16,12,4,2,0.31227242013567513,0.014831842454580912
94,8,12,3,0.2698971895557781,0.8906403175312186
40,16,3,14,0.9013927493304957,0.3748336985771594
72,41,17,6,0.04724159207265277,0.1895182045754571
81,34,6,9,0.6607410387338439,0.014979747471701721
30,46,17,4,0.04316751428122312,0.07052280139879608
81,24,17,6,0.8007637865715582,0.17184336422419222
99,29,11,1,0.8294043549555066,0.025409238379578203
65,16,7,12,0.8933565746596509,0.3358498680900046
58,5,2,6,0.18609006159406039,0.04489311437442067
88,5,19,12,0.12449815592640046,0.6922160618444774
48,30,2,3,0.5035350465581336,0.8189071135374598
49,5,13,9,0.27163262156005596,0.8874639235710916
89,43,16,4,0.6062974722470652,0.5491281809693352
2,13,17,7,0.5137472905707574,0.9465095411798654
89,35,11,4,0.14485211022542677,0.00564545055976684
14,49,9,11,0.7392704938517711,0.13401832216412268
97,25,9,6,0.8037843785259304,0.29316598073091515
17,14,14,14,0.9630430223942145,0.7890244419542368
31,44,13,7,0.3955388763611394,0.885389140133857
10,46,11,2,0.3377349354815543,0.6181344513060778
70,26,12,10,0.19226265601993842,0.38323634440913856
89,18,3,6,0.1808650552091986,0.6658456035860639
37,20,1,8,0.32105328537998534,0.18089937202436612
64,34,8,13,0.9818167023542681,0.45787405217243204
30,7,19,13,0.09225867472415628,0.50754409832329
34,47,13,12,0.2593662020774835,0.1048712210112146
18,10,7,6,0.08597839687504161,0.03387266022160629
88,15,13,2,0.27363139273573756,0.7501054973501461
63,17,6,4,0.09240143253070499,0.5347063592797086
49,11,3,1,0.5083088667560282,0.33223870187793547
56,34,6,7,0.43835565352031636,0.4372286316611501
91,27,3,8,0.17405033038656315,0.9577034132432962
58,21,13,10,0.17480789377518613,0.3849137719139506
27,31,13,2,0.6261090737193928,0.10347922665377307
55,4,13,10,0.38712133899054324,0.4636021795633437
85,41,1,5,0.05619493673325693,0.6480483734780687
19,49,8,11,0.920192599767068,0.012113116099891519
23,17,5,8,0.40495248580980037,0.33234056001518053
47,49,17,11,0.5910475548566881,0.3935144201304498
79,48,9,8,0.8854119499183736,0.4637148457639457
66,20,13,5,0.4021589972736478,0.3016841936744553
99,25,13,8,0.8206600394112492,0.6669222584658733
51,40,5,14,0.9147522246029499,0.9447092237258122
84,23,14,6,0.17406738366337016,0.9139981760397153
28,15,11,5,0.892492460003309,0.6643934148090167
57,33,14,13,0.11983244670637816,0.5068840661442501
58,19,7,14,0.275127409379333,0.8258151264416593
15,15,17,11,0.8082114476502366,0.8359371878585635
16,41,4,4,0.9006845482876117,0.829573052819695
97,5,10,5,0.6841387883730571,0.1578459378693997
47,16,10,12,0.10482584952249274,0.02543234136194017
63,45,15,4,0.5229922769047526,0.9831934097481101
12,48,12,1,0.5726341090497714,0.9596541957209741
43,32,9,3,0.28185973000065756,0.5643784608887631
84,22,3,8,0.9912958069003978,0.9930637167173607
29,43,15,7,0.3356279568593973,0.7705470447678606
49,32,12,12,0.21025476929425924,0.5173801834534505
3,13,15,7,0.11013602865204886,0.3893310671432224
69,38,1,11,0.37850126087313796,0.5928632094935181
60,26,15,3,0.6926186916460534,0.5158021016654792
66,17,11,9,0.23141709329248328,0.9938025267011961
87,5,5,6,0.7695442174635944,0.490460316009237
90,49,7,8,0.13540126772172711,0.8359210861871572
26,33,12,8,0.44046793097857073,0.8136238231382413
71,27,6,3,0.7023737401060409,0.0714062735057901
74,5,3,4,0.1353094026876377,0.08700676731063117
69,37,10,14,0.5978422099949774,0.6598101148013962
47,7,4,6,0.7989525124169056,0.2591080067353013
76,48,13,2,0.5955488962892066,0.6575270346971065
96,18,19,12,0.5114639243275175,0.14462589431353
42,31,5,12,0.8382995532028407,0.3970682272058039
31,6,18,11,0.9854203500012166,0.10247026632558398
22,2,1,12,0.18131295235517475,0.28209307681563933
17,13,16,7,0.6913463413275371,0.08829859010767127
84,42,16,2,0.0806575543395367,0.9705786551976789
20,11,16,11,0.04284102397394718,0.39505843451227507
8,26,19,5,0.2808189702310101,0.901188767898186
98,21,16,12,0.9709197885268798,0.9711717690288483
49,2,1,4,0.5521956513689377,0.9095626601275719
87,40,10,9,0.2682713439554112,0.4549596643662088
38,20,2,13,0.13258609640495878,0.7788972975820573
53,17,14,13,0.9201834030133361,0.15369948375502596
28,16,8,2,0.36236658187144066,0.09483261381920882
77,42,6,7,0.30669727038699823,0.876901467830728
29,5,3,13,0.8579634319990052,0.031120145703248392
72,14,16,7,0.6044028317108706,0.9723273508971699
11,24,17,7,0.16863611164162717,0.6721338800641129
47,4,12,1,0.4215105315191717,0.41961302140060885
45,48,19,8,0.9282310681057079,0.1413753263810552
18,24,3,2,0.9012035745643545,0.7232311509547122
50,47,13,5,0.07010979272431084,0.5631117544033528
89,9,16,2,0.2686131927526222,0.7111270074465693
49,3,11,13,0.1545393980291494,0.417922205628921
22,9,16,5,0.5338117142583448,0.06626008306091169
45,18,2,7,0.7499833170303184,0.31497220055072694
61,36,4,6,0.2955432111559676,0.3150207532146908
99,19,4,13,0.7579960773853217,0.008679158337660864
93,24,17,12,0.6687155730691681,0.009581015098923507
21,4,1,5,0.7282222094075168,0.3307582872004433
71,9,1,4,0.9482437133026531,0.7276233847992125
61,33,5,8,0.42461186078670277,0.6240437304168749
76,1,12,11,0.34256802461147917,0.23901764670650905
36,35,6,14,0.6838472081316876,0.6027626521721712
24,10,6,8,0.8075571414777902,0.6473775955594916
32,12,17,1,0.19144529170927171,0.522569922824999
91,18,13,10,0.8467996008147614,0.5213539751868225
96,14,8,2,0.0578524909990914,0.36974787306263923
59,10,12,3,0.006393752076019554,0.12339436375323676
96,10,15,13,0.1584271494061794,0.3854838000504246
96,18,19,1,0.9786671869732325,0.3453343161468275
90,24,17,11,0.5235653776177764,0.5919725928760583
75,1,9,3,0.04656741151410937,0.8562601687666084
82,30,18,10,0.9971756840497129,0.375375164840385
5,15,2,12,0.7449112548270225,0.7097352778996852
16,8,11,8,0.8380050759512163,0.8118303774964685
11,35,17,4,0.21294052648008344,0.21175151373079615
35,18,18,13,0.10544943423635766,0.9016501768797186
75,41,15,13,0.5150849427176344,0.0704449381793606
42,16,7,7,0.7721756842822425,0.9017193387976908
87,21,16,7,0.6377806523184976,0.16363289262919012
98,15,1,11,0.6310593315181711,0.33716960283431563
81,5,18,5,0.7570960836883198,0.6052352201681633
10,45,8,12,0.227020825553512,0.9056833657708252
82,7,7,1,0.6615192818109894,0.25570144056523525
8,48,2,10,0.3921106691353573,0.7635739134665755
