customer_id,cost,competitor_margin,recommended_margin
61,239.60291747497175,16.968970512669735,12.122783240299364
14,434.30698870495667,13.534550506418615,24.275352998846177
113,397.1974708795177,18.39809882826263,23.7229397319706
77,79.0994947327568,14.548167328650862,21.960558053145625
21,329.50638459087304,15.340101734489068,23.406005411454963
152,155.89649793188732,15.014108445905046,13.98279376918782
178,300.8832191002739,11.741887897756119,15.728607935789842
173,480.5997991848348,15.340082333001241,19.84185185116489
192,445.57790204851256,6.045616197034418,18.922918498770823
64,232.03238140180926,17.897772078734945,22.813571912109417
154,181.18123625495903,16.66718215165876,19.326620545133906
160,155.48258498371655,8.678449373475182,24.95769416456921
57,289.63169139043407,16.520486813811235,11.97011599663182
119,101.41180396612535,5.189639021000278,21.65995484478836
181,297.17375365771187,8.258698587213207,18.952696456653285
161,50.600137770856406,5.977058580063439,18.827728904300372
52,195.7323338356302,16.703403749268418,11.516711896899977
95,148.97044122376155,16.338112267675807,20.712035848460452
146,487.0484554823519,17.20454035702746,23.007520446951983
163,377.2590438064905,5.067225399882933,9.370969230411259
140,207.34402120800698,12.51849090017612,17.509936742334084
179,91.78028893877922,15.572542962760048,12.842696582055504
89,282.5602676107808,7.331016931085232,24.79096238589754
10,146.05154659671905,14.746860912689371,14.576656316633631
52,291.393295654261,6.261651489645286,9.566403475938854
34,425.91305938050164,7.719887841564698,12.637152504436651
115,327.1066484456234,12.136952224919016,18.076767796332526
195,335.204788795251,14.80347729021653,6.5217874269915255
167,293.46363007826517,7.188036904308442,17.072038404424752
136,467.2695346841341,7.778349962464068,23.62449518357796
125,469.35620798927147,8.066695505984946,22.007255753157008
157,280.7254404830985,8.580512070484676,6.353470733159668
150,187.591769214577,8.39830772789437,24.867797574781363
198,256.81415264574974,10.927236627464552,18.974538474077583
189,133.95106048802705,14.806844762550844,8.245616486280474
43,336.3549418931402,11.570476747017045,5.248321783388469
177,275.041551102005,16.639608631248322,8.425652725843026
29,96.48521501597595,15.789027589229223,21.76351841371477
106,138.94150150382688,6.897903710736135,5.432786498903274
120,265.8343802897871,5.732624349811159,9.66294607236173
81,449.41504582348625,18.16912345999409,20.146111906697506
31,304.87582428399384,6.197465998443102,16.722210717962703
181,356.69075009381186,7.225087710795696,20.65471420720384
162,202.56284738475938,5.331999133371771,19.92301007653576
128,307.13512686990543,14.425045479479806,6.012027742436095
38,251.32092018713033,13.735558447375228,22.85022838188303
185,346.6084606804223,19.803554996528835,9.540636685645374
101,72.75900473555467,18.303985944757578,16.067848804595275
132,271.98509730753165,11.162647662213645,17.885763130555574
130,183.19668131478514,10.573787613688026,8.372564217701907
12,196.78327757505917,9.452780514199777,24.524625134019487
35,482.41284420112765,7.28610380056822,14.763119121746179
198,132.21266572012223,7.071254849030136,6.152853911947869
110,190.0603636603686,6.984255620144081,23.745240895556808
72,279.4516590788923,6.711721357801679,16.72535686386536
149,438.36212666733064,8.607680636083053,18.983863959627527
110,237.5015374428667,9.600029454696745,15.503515798684482
61,384.739376399677,19.423684565583738,21.69475909553935
163,435.36834419666104,13.677098765028287,5.662669243864218
48,189.50736011983201,19.813936617699213,10.367567305542956
143,226.73758259241947,10.587004217385099,14.392967128053844
71,210.45030065976033,11.864399488841617,6.532072326274201
143,424.78511387806446,9.868679887479187,19.118133386533167
134,69.95608787912052,7.74331476344829,12.873268281112814
68,188.789489972906,7.147470616663687,10.453359805362881
22,355.7338509178084,19.176187967117478,5.067576936168246
32,304.44957480440416,19.802160226981336,19.396606234999076
123,246.33021168216243,5.673642447630973,21.676186177457236
22,292.976702249623,7.255188120976498,12.90081071362997
155,138.9130636227432,11.35286138451534,16.28435954066731
110,243.8224797236047,7.7950021451661105,9.553732518591968
15,275.76634287935707,10.45820590440325,17.443952925602662
124,455.5351048795707,6.9364452478945005,5.2427491663040104
44,167.37582326178935,11.847676350826854,14.77287794197517
115,440.52282597421964,9.075419242538889,17.884109636813847
9,339.90863037169186,10.278575836379911,23.36383546459468
34,59.15337398042044,6.414689771941214,12.626716342445686
73,376.08410160472715,11.421920760652124,20.303804059620596
143,65.99834489707479,19.748864164423548,16.953740598870013
190,498.8215070662159,9.932495703217855,23.54024225850161
45,442.686509461039,18.146439122636526,12.967553513188612
72,183.80468639302055,17.647987124355275,11.38190679745976
58,165.83505358851744,19.28087627445816,22.742839973882877
115,221.648486947524,16.851642684006418,5.984888028165782
19,210.27513439149936,14.893952405882224,7.727707858673536
16,217.55201827342148,17.848766663411865,6.648088691680889
75,193.2244457537662,6.134670209860245,21.86219913152805
106,329.51003308174916,11.942459857982117,5.212148467406388
136,123.91864867428077,19.83884357922588,22.23314310994096
161,430.69158160070594,16.544002269420986,14.025355907425336
74,415.5811178140919,19.431130670558346,5.080505577079415
18,264.4174435348717,16.694515342002184,13.032903544240837
163,433.7284843753464,18.12322951163216,8.736016820900712
43,161.21528151363196,15.597944484547865,17.48800974944326
50,57.904455066785125,16.407530066258595,18.58717579843293
3,328.6435662634204,12.84767014759251,14.750551408099996
59,256.0592331341219,18.86356551221199,5.810390508793399
28,305.22404583314176,17.375583659350426,18.122576087344036
46,454.70273405828135,17.65827448498448,21.840775672110425
64,486.4665081046746,15.095136514445786,19.40648554652803
70,335.50391289002135,9.568699206308736,21.59915837910637
47,393.8250154335973,5.53444693085209,9.010190471017749
142,87.71379506922392,19.034826941143166,22.777758793129653
135,122.32201320117753,13.791805232082453,11.443869012959256
159,379.94216222883944,9.472144567222104,5.268096285039821
106,244.11445537460088,7.237026617713067,21.867832926581414
81,250.68437168198255,17.44284748251132,23.836425379294536
51,188.8734567359465,17.547802916713685,18.111163948346977
29,323.31037256498473,17.21761952195797,9.628732609268493
113,133.32427043729118,14.676240379501793,10.034889285650607
143,332.11232569125303,10.490230813878139,14.33185746871239
128,128.20948571085785,9.561054271703854,22.95662159202839
90,78.72171561937111,5.128321551772553,7.991953122951168
25,198.66095991457746,17.504113380323606,21.519473391669738
189,154.01315390443145,6.311490462404636,10.826056174103007
41,450.04623735034954,14.461324970611514,21.17172338858196
69,74.72905424088196,12.561124202601325,23.405423952030773
4,129.4761616583553,12.900340383895267,13.549877439886405
105,296.9238225123722,18.9006926796166,12.301013082110616
185,266.4802358813631,5.474225169068632,21.044426379426035
31,70.6334082686157,16.600883369431585,15.589657647587881
131,53.26359260681501,5.780785975509607,18.68898096926394
117,494.63057388251747,5.572304089030658,17.45658473922359
195,346.4756151614772,11.44726547212073,8.057776912895926
90,214.43275890570058,5.946127615144501,21.895807205791233
178,261.69451144845857,16.83715926939368,8.915502228262724
145,169.94755420442914,12.943446404725059,23.645642881415615
188,205.19320266194438,5.435581739896617,10.011425828442956
66,342.0700102706963,5.607510297228792,19.677619465474837
88,447.26530949031684,14.19002794609219,10.693107869871842
24,132.8585103865332,17.091677264876076,11.355708171737277
99,428.1626774233934,11.566992969121603,11.200037055646106
160,104.70048328322108,13.318710073034365,19.957845080521665
105,146.74650061477604,16.997441810748523,16.136302359387862
19,66.72887962234068,14.157592610627287,22.659049116949944
66,113.36533794184976,8.371403564882293,11.147454384080897
60,462.7864154588228,14.195780388042179,18.839850441134885
115,256.74743597827035,14.424191885978203,20.05897199326221
194,84.9496378002591,16.0116047132169,8.029642260599164
15,481.87707711753256,14.313112813352019,13.011787146396223
85,445.54653849139254,19.538631956870567,14.656349887008222
163,389.6071343906636,7.9593246307560275,12.113747797887486
197,470.062756376401,19.266360193506145,11.442251919382763
155,149.05823937609387,13.075092355250245,18.728397879952837
88,426.36618185453887,15.079342107423681,9.317327953189771
7,360.49603835943776,6.491923961782848,19.187814905022577
6,441.39166230545976,10.708639120671606,23.700883927814612
125,408.6102045841834,16.540687196947587,16.303950423555023
33,205.92277842957125,15.603665226484855,17.228684734789482
58,398.479341657765,5.602090822481153,6.378654042481782
177,168.10533634320063,13.19891395245867,22.289538072356564
145,197.86647336262467,6.324172894526141,10.708955743997311
110,98.55757275033926,19.937846437672434,17.301023310571296
42,470.78447719121095,18.45944882799942,24.582243394896047
94,180.9515135301267,5.316209906428054,16.910052011456155
168,284.28010932715335,17.879743683539463,19.49418974928755
174,226.0997764097867,18.791444008376114,13.906392364475037
199,481.9676542625757,10.303223338451826,6.207316870301147
198,200.77212692231709,15.792524825716487,20.95198698979577
196,400.34561964021003,11.631556193116683,5.699976825279713
129,434.937269584031,14.828487268645162,19.01315657775708
79,246.02292386643467,10.104761064472871,5.458431462992738
95,220.17731650381907,9.838388549499026,22.24610473153341
111,386.48561941968256,11.366508332863685,8.152720716659612
97,460.80319113780536,7.183516379787518,15.285429908851022
180,389.71927988250724,17.46708446653074,16.943014089662945
163,152.20686451633952,10.23046843042455,14.150908147468241
119,449.7384863469674,11.002243308587676,11.815269786977744
69,224.41175034657488,18.41081919053217,14.356285923619435
133,309.3032353000704,12.449357210947571,11.228315077623174
145,424.14602868171994,13.163808640262944,13.762446941617263
181,134.7776453302215,19.347471871656477,12.178259819960612
52,403.0295610548989,18.300895747174838,16.324096470142905
142,318.2732590598049,7.542000633326593,9.758483244899669
122,452.0037388224237,12.098225448771576,24.77313109828025
29,127.38668082959433,19.569443411428182,15.01739906764331
136,239.30700666841778,10.58549447342904,8.883241548290194
104,424.77939179007683,10.573596627743001,14.54133499134545
1,58.65426655554208,7.9254534768373155,22.328302590496484
29,100.49061504453928,6.714846711786878,5.436135862487912
164,495.7543457405306,16.10457186133973,18.59108238214578
179,176.17738036565774,16.550457030522747,15.95935593587856
165,488.994437175779,19.535194452545,8.391159887402711
69,132.13919795390325,16.601273163580444,21.349528786098414
53,212.49249935330104,8.650287410503982,12.377692447480113
124,388.7912500266068,5.601748674327732,10.87604057631015
180,346.00028325718034,19.781560765544903,21.56250383713802
88,311.505079968075,10.106760433154086,17.770500923833293
83,288.45462911225343,9.679573136486312,22.965181673496488
12,429.5481996491331,18.58932814624074,17.59767407342399
52,155.7268532750267,13.776498478174792,19.816353158642308
129,249.1119171470833,8.223067607737018,21.728917925192256
135,119.95353147040578,18.336443640743592,6.094792718198738
145,318.173718078817,19.90041282582115,20.520979177387606
127,162.74499092209408,6.300178417262461,17.274129636991535
171,200.2289289545236,17.933774424537308,6.390155930303864
71,262.06282248058767,10.85773546526591,15.171558437374301
17,62.046763566407535,12.861086697600566,6.649161559679078
187,91.37207116437695,18.72223963647471,19.71894403446445
3,358.6681493186988,19.60068793662676,15.930034277957661
29,243.03649132287825,8.932458656131992,24.071470748245947
22,439.15559989995296,8.192761564398706,8.662707431435397
166,362.60240163988976,6.207748378872678,17.12066905040757
54,53.645423741295104,13.42696778993207,9.231642691409828
107,327.52054884521067,5.204065931760024,17.281299694547968
178,92.1761897268724,11.178474464149048,19.45299404721713
69,401.4199309057224,6.100760249780128,19.446086586590773
158,496.1784597253259,11.07838674394001,21.301479813652197
151,289.03945740868016,5.5989828389841385,22.071004559166333
120,357.25077508735865,17.528258909131534,6.545434525343541
47,156.79137240263822,8.146084909078489,11.865343141448081
149,246.9189846892071,9.92463065536868,18.742450407196113
20,435.2428995063727,18.05071994909588,14.971725747824243
151,125.34032648581305,16.193990919983076,8.81351893509583
196,169.49102252619295,8.285575424630878,16.05419140333396
149,250.44515387871357,6.07849127986244,13.148713055322876
21,370.5120013298063,15.735106652830092,12.800765553086102
1,219.14777965805322,10.86053826032164,21.195074348713277
143,467.4795259023517,16.491199986773317,13.151966676643625
17,92.50567307092362,11.679421585628155,5.529090109608483
51,216.86188889518138,10.190036194584145,6.161266777821826
191,369.02935554278986,11.768081123185947,22.124880833832407
14,151.6940445476716,16.22838478506015,24.212016200250424
59,345.38591040335285,18.533304298105612,18.768186729114152
83,123.89763120230567,5.746507948828633,12.287365882001604
50,75.19112818775886,12.861673118404326,23.77200631589455
124,104.45707253689199,5.492531436258164,18.256061727514716
34,468.4931524103606,12.02614317536538,21.886670983986754
6,298.28789732279813,18.279242436453508,20.317046080740187
109,408.35559896584203,10.423853996304645,12.582786315451848
49,199.69452540727306,18.98675631620965,14.57404401701571
6,316.696391548451,14.459127074759142,8.72264308736199
117,272.7284601672462,19.012330156895096,10.84028200881468
118,475.5820817310323,16.357499381187793,20.562513225730434
197,386.4085862243497,6.551527499731434,22.879567837662165
7,378.74418417346055,8.467270513440155,19.489208465028234
97,70.85897124542579,10.912556818752593,14.303473933132766
179,297.35135105166097,7.55160323018114,6.730185378794951
118,260.14615425581667,12.423674071649907,6.138958973968965
129,467.5290199727875,12.070522335522359,12.486511292257077
141,165.8038946852895,19.34388797041072,14.276434375353261
171,171.42505398099246,11.505918243439666,17.182412444265935
27,235.1058119966752,16.784402064319966,5.129790427739945
199,159.51637103286922,19.128658172772198,24.794457809326126
116,108.13276301393728,18.154832464609783,12.278777668080858
131,435.83668099286035,8.130014367673876,21.96189327602243
58,301.2244359817621,12.440448413803164,15.699334113308087
89,437.61322353045506,10.216096734438885,7.60878909066693
97,424.01064443166314,10.997880427058233,20.951311050690435
17,176.919059655352,10.412102393686268,19.196541498397522
173,296.4818499459233,17.39538815262506,15.54872169858456
101,87.4479662330317,11.782085826836711,15.2910618266756
186,461.8633478138413,12.855414983670322,6.749592115018562
184,231.91822177931888,19.73671035570612,18.116978971477483
182,227.15428275005962,5.899689082872746,23.224903115085993
29,186.23991677807894,12.31936459686123,6.864898384427168
102,257.2986851198167,16.610925604191742,10.270229012978099
123,163.29172394545162,7.267429372823398,23.046159468841974
54,218.68352275856205,14.172973919221608,10.686878196395867
27,409.97617186319684,8.591971693017001,18.078873443598525
102,425.4149766133273,18.011061698368515,15.696363298862883
117,186.88211493283225,9.906494981001188,16.92655210007724
104,261.0564937487545,9.935942253513643,13.315778031545062
45,443.2188993260235,13.972908177768403,10.999829411074222
114,73.70299932336371,7.753443621798631,5.97066901459338
87,450.11523289810344,9.273329583545916,19.88561878588328
31,148.63295554354926,11.249477751791172,19.921869243884537
164,355.3426598964691,10.304567947101656,18.414514801574462
189,312.1482633730701,12.873158270083735,17.87267576239241
37,298.82333668516344,13.994602161034495,9.874342643350523
195,436.71210113876964,13.500011806252468,5.446898675325825
36,95.70746464009757,14.812524679878983,21.174307937708793
119,206.16261139653622,9.616242749117305,14.822770713916537
5,292.21373585514453,6.896393407325421,11.136762614052367
174,415.0799842757179,16.412113121466156,7.038638135611402
52,147.39938753525217,17.761705739460233,6.2544318180277685
49,411.3184286184243,8.855093483336484,11.977334435903547
6,229.8373171222711,11.106379342370296,21.09474129533881
123,135.01123539516294,12.47853825445333,23.37447498667661
138,391.5438981995672,12.999902641294046,22.935027292261296
118,90.90450566354653,14.892352566314777,23.4000166949931
23,281.6453183339493,5.62404850032982,23.154506862586853
145,78.74410273784979,15.822156241010255,15.544495032007916
110,210.3880348210044,5.929565104691154,9.388312771138077
44,320.4845595528767,12.024328515093018,20.960931656736406
41,300.2519936692459,17.415067033537913,9.274259497051581
143,232.09493805709994,11.768229699175944,10.344145535131382
172,243.07159728745205,7.236346231523717,9.66508643645097
186,152.04629900784494,19.775507675089393,15.299648073916117
50,255.1471647908463,18.339281931113952,11.436550163381598
52,478.9646850743754,16.56970449837521,8.08312099250683
70,432.70381300270566,11.172674043488156,14.063468237877647
196,115.35479108435472,7.757685903339467,22.47814477570334
191,63.40135429441442,19.121167721277516,16.411057098999443
186,470.08594072248377,12.985266897757086,22.56671211775174
151,287.0373874463364,17.785331905812278,8.917443701582748
172,292.0270204171885,10.131425086391387,8.33947747345108
109,401.32309806793506,10.029324756192059,16.511542513968404
118,191.61003824209695,19.783107210110586,14.26657803092546
109,266.85840597620097,12.827495727422747,18.20345283293914
95,485.8983109160319,7.110431357911194,20.89253582053563
44,352.4669091195832,8.295120169920612,20.02614591304353
180,119.18526439810367,12.229164190890812,23.845223473171224
67,109.95203659295899,5.63706365732617,12.96512818314023
156,141.91914124985243,11.938009780674507,9.127734844963616
67,395.0202534893229,11.284112631201914,16.018252798957715
18,182.91965172827722,16.690043979792307,7.214862403823712
155,59.624981003785905,10.324129467338626,10.777022466632628
179,474.87846357754785,19.738231423093993,9.157761105262889
60,126.3710373777098,7.711548789513547,12.931274335941618
74,54.301183766630864,13.864800274522024,7.224331500044308
49,156.70922107249532,6.345489455123819,5.636834890961957
15,155.76295420316018,16.00795975990973,18.135880092600637
73,239.90236288057537,19.921305320929573,17.204979565796098
196,464.1754241750166,17.287079566274485,19.167178720773222
143,445.6332130005941,13.335553110804518,18.20772880542688
179,255.60254974209258,12.271120360995381,7.28589362284767
48,234.90495724631293,17.525449419002705,10.821577627512927
72,299.75408891368306,19.039611270660863,7.590532198007047
113,159.5543053872946,19.838097886971397,21.859448040971262
129,73.48324638486328,10.94808841346726,19.938073107110466
135,472.650861277043,19.863762121917684,9.03054005836485
53,134.01454319472774,7.338893782607473,11.82618480979787
159,139.28032816057237,8.803246638978639,24.332299845284282
18,262.6071479842764,6.335241871008443,16.883187157593028
12,271.22600517814885,9.076077747267224,21.023111946023146
48,58.29539436533388,16.519063274270167,10.291820695374582
30,116.57963244828682,17.793865372676745,9.201058403586105
97,220.1696683523338,16.683389676538575,20.67833857693097
7,357.67881207974256,14.465986672515443,18.717449104628802
92,152.78830557437112,12.709497687839683,18.619558584235275
113,240.3565008087932,15.630564338204698,16.05269163658388
3,300.80527912241007,10.862503239008326,16.271566855530978
107,449.8666225804814,17.619625272495526,19.713950106125075
63,196.73172604720548,15.157851409651782,10.400049622423905
134,110.10121963856758,15.467070477416128,12.055369317139116
102,270.1725016539237,13.03903989693607,22.4327354104011
15,386.02472075782794,18.27843476316759,11.177304020243156
199,99.43689067373003,8.780221005185787,15.92619142758598
171,241.10757126363217,10.71721480041576,19.05278928013368
91,58.00331356811754,16.66463854516534,24.99849653666353
81,65.101631741263,12.391233441940066,13.705826629906639
146,267.3290134474995,18.338210201362863,13.561857532498875
150,184.18878416791824,10.195989796442785,21.85176758867335
61,430.29828455243546,10.53995253229467,21.110062225197264
120,320.9694377569044,18.331036840799378,19.62151763469097
61,254.26983278434565,11.965554802730615,14.264592748180577
53,233.57091697443335,12.741868763037301,11.478782403214316
26,273.7604660853035,9.991455730035192,17.174609651696972
115,68.1974740456976,9.15004913268623,22.52446586263282
40,451.75701038929697,14.839230662575881,22.67554916417173
88,499.2364200802813,6.797609923118058,7.169966901408769
116,131.66920618641439,18.18908961774364,13.567005676263014
136,104.17233414857888,16.688047051476616,14.294439123974989
21,114.60985855186786,7.861223955587041,24.552307350475065
43,347.4621762054652,15.41029918736848,18.559960304851693
21,347.64837730284864,14.039493819284523,13.14492834524141
131,431.56587302528493,7.768025761049662,5.52115771971186
31,388.32187479181397,9.098052590753486,16.30770320198392
155,252.36035301620288,11.134797556007516,6.921519512767123
27,325.7849127043935,15.488641028682109,21.68899914695526
73,359.72810166560356,14.58085113225509,20.05037321140724
185,280.73141162835134,12.98352271515047,14.210183198163575
97,264.0429430032365,16.526158146710515,13.584215590833995
161,340.29385053919395,16.36906609409249,22.946779311375373
90,300.8635470390442,14.267887310933839,10.769167008362569
44,339.77403740115966,16.80485125077238,9.980399242135416
43,325.7846482835137,10.013950621688139,23.783948656515243
31,373.6384522311446,18.218742924839084,21.184916735069653
117,339.26157895229426,14.22365128702911,21.412511861343894
193,283.88411889677025,17.33545270718646,8.90387628551851
76,356.8085650779739,13.19418657185426,7.865919828618688
145,252.26688433344262,8.276573674830205,5.520590996342698
143,158.75205168767047,13.136151930174629,9.740830178373601
34,50.638199060261954,10.566674956648821,20.483809834286497
80,301.9838662156294,15.462485540556418,9.800768375282995
4,315.79485197388846,12.136906876021037,19.582065671897524
72,487.42203414907146,17.541692073915314,10.03816530734843
98,212.665250342424,15.17108768482875,12.905849959013434
110,227.3599592727403,15.26816649546986,24.663245798228168
28,140.80981160398562,8.257330002365975,9.896234625682713
130,81.74043285679485,19.763746497369354,12.527412545965353
17,397.7620217877833,17.62512813907233,11.021743609304274
58,162.35647895269625,16.83507326841042,7.192499726600046
127,324.0071874635171,9.95322837740041,14.797882842616499
9,359.49786599546667,13.034474792708478,12.573813266660046
31,262.05650928124146,7.056547821114929,18.897741716145603
194,444.3584508622362,13.07713964994059,21.351890939030923
88,249.70767844087794,7.188338697249309,15.88499428991277
62,178.2088803687943,13.295567659844018,5.643928441746738
19,453.20698533273,14.730828202323584,17.378447124694432
81,437.7039279124804,10.852939508748534,6.107814600418784
107,123.81797618438586,12.478173174969399,17.3271264719805
55,61.68245825926443,18.134800815118787,18.70059898538377
156,90.49350035732931,6.62844717054214,8.95535255235037
112,178.94632934921768,16.875993394994794,21.38692297443542
123,487.5169107837698,7.561318264942946,23.221702631480973
178,301.33226892237127,5.550619742069426,21.261739282276395
65,217.96777941317097,7.783619041175717,11.102183804241644
124,449.9222425757359,16.475647849557348,16.732860248912687
3,253.91134916532482,11.076891100052901,23.296302983824553
180,191.85738278045952,18.08780775269273,11.413294524456997
138,473.5487879355458,12.870613117733988,21.4005564453085
21,432.2829497867051,5.333755278894964,5.1895026252339305
37,429.65076893874846,15.750704144028902,5.072934055693525
15,280.5281343725959,6.65349363081849,20.194233206779348
87,405.24727946695475,16.840694501928866,20.228951642542423
120,130.70901166904832,7.5215382470777,20.779543757045875
137,307.95033090030967,10.181695787082703,23.600536757763248
44,492.73066528139555,16.419071444380407,7.358126236405685
39,180.93129373308275,19.313470362146326,9.639699699673766
133,407.45854816145385,10.571509259700985,23.074498407476153
25,270.71528324363027,17.441003302984036,8.544723955447068
56,67.9125574499393,7.861883982137581,18.64458535153168
121,393.35872901705034,17.107696553037364,15.609260000816308
90,125.85611497645075,14.862410888843765,6.663873537030145
64,334.1631052097376,7.891152608185527,10.705273238830657
180,88.54888732113781,9.537559405271175,15.407444328819357
89,476.09032887318415,6.976563328955541,22.04700233367668
112,181.27574923116242,10.7445051659647,19.150769792293474
76,151.9091112548277,8.054729616849162,17.43766322909866
137,108.11138182985044,14.659969304457103,14.920657798828296
138,475.7009870025715,19.91757656330838,10.973679676282686
10,370.3566840985873,5.180137446263962,7.384898226385223
62,383.7473999231399,13.113797199309479,13.18152069132191
90,274.73205262111003,13.604998963235145,5.5703698782258515
60,263.6275033717176,18.713131845212178,9.221117785337011
147,99.50955934616448,12.590080021504063,13.649667517453196
107,301.92849301279625,13.155521294673761,13.372103713438301
38,161.1124227989557,12.07479201992583,5.885908619939848
134,489.7153997601826,9.033564568422221,16.781203070505825
143,408.4614230068163,5.840436998733705,15.993685117064725
47,235.84642708679942,11.129865233147541,6.562086080418257
173,118.10356641118986,5.7888720686101784,23.863261049208788
133,403.39926101245277,13.257387041988768,6.987655579017202
78,104.92419518659219,9.609404648634397,22.09668302474672
53,135.2001890736817,13.004036022881417,5.006194638300119
194,145.18423298490234,7.0144544659278,22.645621900907663
62,300.60078722289245,18.989449486090393,5.394394644086251
23,404.1754942956648,18.41781865324902,20.15624063784232
44,191.4416954261115,7.849947638034267,12.23381622600506
52,88.10141642388024,10.151664249410148,19.764336002726395
46,259.0423085859886,14.202391577779693,13.03490410849957
147,386.649608521971,6.435293109588594,6.418158446636834
84,149.74872938932475,10.318517316742263,20.35013390790728
47,148.9660466177184,8.766684302285093,6.425053706427299
91,476.2521623060199,18.73275093075045,23.44240871922436
52,479.36917720363004,17.787659544338077,6.019480715833227
24,495.7095794277094,13.697491119002956,14.586505555430309
145,413.44682070865105,12.805195053073612,19.46068861701591
89,134.6828761255755,18.960886918180957,12.864929295840755
174,145.3916843596676,18.98641674468223,9.344669491848695
64,203.10135868507638,19.539951880274906,20.181819227920542
119,193.15963910007088,6.880683261622815,20.68589409577453
156,480.43748708510407,7.408367161447553,23.453899679087343
178,405.0832922967621,15.151050480198299,12.523302208621555
64,375.80395647269927,13.121517149147673,15.125034689946537
156,133.68345082615932,5.2769885733985396,12.26256885692144
86,459.2865017130483,5.929625539842791,10.141636437027364
56,422.5416707777782,18.321205733882078,20.020659230752173
59,123.63882859756566,18.033061933090792,11.793036900339109
133,442.0266493824376,10.359063829940677,13.56298883984704
182,172.51139136671208,18.365759253958018,13.073473152480556
172,86.39138562444772,13.905126115968526,19.253224512934917
170,345.5700379313945,17.08858470528353,23.355912522213597
125,344.2120967229488,11.411466067403214,18.335121226147546
185,92.71940430452814,6.700974910173631,14.43165192188465
47,193.48331402146206,11.505905939690244,20.58410229477767
121,496.7665080149924,11.859496969953469,17.81942648244275
153,355.2920001539316,13.264162907609045,6.21220714235627
102,378.5338249714981,6.58374069356642,6.913271728376833
44,145.81277852193756,19.87102794574417,5.758338881472667
15,85.45193195176145,8.662052312103595,14.136326524126396
105,174.60576038342194,7.978286053056394,21.517068686779297
51,162.00427333693636,12.902043782839048,11.261663387027042
53,155.5448453366239,13.05812269092333,12.683203661849634
34,136.7394448491678,11.597311067498664,23.189542167357814
124,308.64006079493197,16.578382194878817,21.738068906333098
77,197.6465641288198,12.74981601092904,18.3009622476512
136,419.1552567713887,14.145431827174763,10.336075641845026
123,132.77633803132278,15.856195781116783,7.3408296537688695
70,259.08218189084505,5.375376523457999,5.321176453602274
21,56.146026391735994,13.559662738175671,7.1402134520884175
108,266.7570451048364,18.262917068425537,10.851928872478855
108,75.12719939441348,5.260831143881509,16.035801271589914
135,489.9755803426896,11.077731557014417,6.280001655047737
90,405.76645789268576,18.89341175308745,7.724555566368981
79,270.5501644864049,10.297316034238067,8.621614046158822
184,88.96431118070763,11.880932363003613,17.639641859666124
177,316.6004483556864,19.723120895664692,17.315795979602488
42,391.4436878158449,7.9898578842586065,16.01531452744306
151,135.82276385213538,5.978827836875089,10.010028493918792
52,305.69375335437087,17.891338862919564,12.422393824374641
102,416.3949042722906,18.026980118185527,6.93379432675486
105,395.7114999408424,12.081167520200198,9.529212075161098
79,411.3464080402188,12.713107617159293,22.95410452945161
112,445.69554119137393,17.53709554426754,24.593834928716568
181,471.9569459717616,16.078392471736926,17.953191712805893
104,232.48451984159118,8.977235033255159,23.336465840468403
16,305.94609613529474,5.253400326072777,17.8548380080285
96,405.7967867205249,12.195502438003185,5.663929722109398
37,363.7129162756024,17.88368489143462,24.93525169972818
146,497.98410271897046,18.437520150352434,6.9790460337306985
148,56.15494299708986,19.34339295614231,18.652836028901213
46,209.8099468921058,18.19344856419172,10.056724061495801
2,176.4625668215911,13.700653329471475,12.839622258139203
119,168.04213257449055,11.669083988541512,17.918683696018764
87,150.1384021244986,16.622747698011487,13.72974698615414
94,369.1057283668531,16.097324515483947,10.010921178622565
191,88.14176297389483,13.072151451221815,11.688923737566494
3,383.72397527450227,6.309910588377036,11.830962338463527
174,362.04162890732306,18.891220201803783,24.186478090164275
111,162.86185962540338,11.834038062524932,20.97226031846902
177,163.77520242432257,10.450006728743965,14.170975429588001
1,332.987263405026,14.443510927531575,8.996418406827281
105,392.97699746765505,15.107569417504653,21.22032220525312
22,444.4185258893145,8.160318755454522,8.14364943216747
142,433.46280373451407,17.55408267214934,9.20924434284007
173,484.1973473737339,9.349056404935668,12.320267836803023
134,311.62320290143003,7.800258888714751,22.606963917039803
65,458.89500260316186,11.09599779281746,7.635733372682205
21,413.83097296718483,15.958401213461979,7.444683857090522
4,452.6004309413061,19.48187267659705,14.879499766105319
131,55.23197057841499,17.139218965571498,10.528210821873493
113,484.6563463396149,19.105225665052878,16.374558832963196
30,263.0885732809152,7.109087061147902,14.03273369366447
31,409.1823453086793,6.067651982955152,13.699182127024336
162,107.24185370200138,13.365571428600068,7.239459409739865
20,228.17349311628834,9.354462245660516,7.820993804996803
54,172.15729835944592,17.42082459453909,21.421571548937003
126,181.24644672542166,15.079818071034891,22.71765475143489
153,105.4650289778968,19.560922459786916,9.693670657705004
15,412.59372464435313,8.821885335969563,7.2692100304953815
166,54.15904156148517,12.286761715328485,6.068333438690212
151,190.6274556433411,12.518607161380299,17.165952274837935
180,128.48474444738676,8.587651922860644,19.30706425000411
194,315.06752327375324,13.851400992320116,12.456199784064111
185,164.41358117654474,11.649289791188593,18.593517349812792
57,166.54930453764484,11.700823339848103,19.259176311190522
79,269.75216479789344,10.441049719587255,23.706845627938108
180,343.71006770341654,5.253940286383026,6.297472756702145
163,104.58711705432363,12.831428553721835,8.845834464621596
14,128.98015360947326,10.028717535504967,6.370519751939763
91,161.22863506753293,5.019798034764945,22.35987866672221
14,488.18669635308225,9.61915561492898,20.851743200671372
99,228.71862497431417,9.179424996346356,16.492841412436782
33,319.54554078396194,10.901722298354537,6.673268201023664
180,158.69426572219004,6.9777798446509545,10.466247173074393
1,270.7067863208696,12.615257369526265,10.954396961170339
34,83.35362847368113,15.38660528777195,16.214863920308343
19,65.63396566504713,14.452783535818586,10.16087788073431
152,260.9300870696571,17.05632421353786,6.459197278259097
4,229.39667938328543,11.780124319806216,19.615246037065987
164,111.59614386132245,12.786375955095924,10.981604233108227
77,359.42064301433015,17.15602911288475,14.047483540466013
58,496.806570904669,11.415517562288578,7.553332699646107
160,228.04106953852062,15.523990248493954,21.050966067891594
137,331.0513861628275,11.519035530769877,16.310637538481153
103,483.33917406401855,11.266042917673438,23.031712524197257
67,424.1907376010939,16.403084367937403,14.909431261306667
116,258.5985004862086,7.622553731993167,23.828513436357596
148,381.8702680069637,10.078789579123605,22.83736408762652
120,107.66076811273581,8.362584151203526,16.52919712918468
190,280.4467349587096,10.386649144513957,23.677868762997267
186,175.57712473097143,8.45562233549036,11.461774945891046
22,122.5236595532725,13.69108446629982,12.312843254084227
112,241.8264078145407,16.97256203926768,5.909559026120739
195,108.9565494951265,16.799195918268527,16.784018135277062
75,364.5432986785185,10.467514468231887,19.438479398578668
176,255.30801982400098,19.831406088413928,20.470383804842065
136,289.0150846540987,13.907815470587012,7.996325720922066
143,115.86917240067065,10.991004526674422,13.883181446250006
32,112.89724749207252,17.533089188621382,8.537264241878313
181,312.5369458670558,15.948110189639612,18.242546977084977
67,493.25438652325084,16.239130052361567,8.158927448435362
4,93.31276245697653,7.942090246008074,23.083273679121497
30,178.57914285460157,12.024864610528326,9.612692913228267
13,441.25660244204937,17.927421962369042,10.828045325764897
21,82.52240551485662,12.560570114431359,22.018126443019995
41,444.1485746151281,15.251791151315755,14.169352202914476
121,285.92869251863806,13.819005995513969,5.479918916001461
19,233.72004826689164,17.63535181577573,14.891725024052915
48,189.35625395815512,9.268412596424039,6.690866707602461
86,183.70272115752886,13.632129168295473,24.706894373746213
63,187.61116210226544,6.84852002014706,16.762231409112047
148,448.1613864320881,15.353161650492018,10.130652352219569
192,375.7078535786535,15.97951757529068,16.274353590952355
37,351.3753535240178,5.642559817834976,6.537342067635096
31,409.43711702840034,15.136864454419776,20.99782608537634
74,165.70159835186524,11.220352312486796,23.506561077283273
146,328.11926543679004,6.861453141645235,22.48888776412319
107,257.02980753107795,11.298613215477015,11.835152045971256
103,402.09873584008704,7.913493945433725,11.51536239286737
110,189.16524971297846,11.233392981849748,5.701752224326
20,339.43037759145307,10.765085419377915,18.028007174018335
139,446.99558531779104,16.075874554040862,15.698095683795898
86,230.9677142877179,16.61323337249538,14.186927426546827
44,79.97993931535765,14.1054298157682,23.15261906669414
82,282.2228700538068,5.340302632736713,8.357578021656927
64,205.68761951316168,18.965334186064908,5.193325333803647
122,352.50142124622874,15.293499201446716,6.466329042415309
162,477.96481613687274,5.512931748817833,9.467428756547378
87,268.5237430985811,17.282493488211767,5.665710985269139
65,259.78560356999026,8.003992320769942,15.05687421286271
55,344.5631600861571,13.688317843566601,11.281809104671561
74,96.57387661710546,11.999515549252807,8.609660161362653
117,164.0777850162566,11.29758173532615,20.00168149897324
129,463.54069647517935,18.34570580186596,9.0890265246506
166,351.47417601369483,11.56041937343922,18.752102019875863
137,56.04981979253731,6.130161763597261,11.985298116952778
95,142.08146265155892,19.199580908224288,15.23655521325109
199,357.27676971300457,18.808028468594415,23.677340797026396
145,393.9796411531584,15.266490343723982,5.747032696316257
99,427.93680770331883,12.018387921980374,15.005290149549237
112,181.4795615219202,6.392892094152819,22.088459206552365
52,468.9628683249032,16.86122177866214,16.75948496740697
146,298.8261021100516,6.132168716360434,10.537410339303133
191,363.4425600745518,6.029014773427185,12.953622702900686
33,318.5324882509586,13.060757636590521,18.605312574571492
4,105.2330246035792,7.401923602769603,22.81623788627606
87,483.40159672319595,5.115954010105234,5.821327474932232
75,105.2940109523687,11.346701464936793,6.430776437807529
180,164.6968803850326,7.058258474150989,11.50103047219175
9,416.1325461003411,7.407731229210368,9.65559368874958
64,328.36863267549563,6.15365958103002,10.298617724448121
30,427.1671244193606,8.07640630585415,9.425399972517619
136,282.0812847683202,15.732262696615841,8.916500977103155
133,219.64695591498568,17.13390960826687,7.612479337385835
76,464.8304747965032,11.788004660439508,23.67908263590476
191,66.31354288165768,12.598307238221265,7.883789278123061
129,435.25859915887065,5.489825518913039,9.088075495310724
15,153.86800333450174,6.039743920569753,9.925314479615714
89,431.9313474892855,8.863515884742753,23.660297462608412
166,112.63847603759852,13.158476310697212,20.114282672021695
170,311.0985336607432,16.093267231024896,20.793988606310293
128,449.6485635551624,14.075045920070496,7.095165190769961
174,263.09284110450074,10.881917824801825,21.726197500313432
181,385.9550032115268,6.774861095047073,13.16386163634836
26,412.1022280350013,16.711598523307842,10.256460524247775
61,381.4223939225506,10.456790773985857,16.51500167040621
123,466.39838159356924,16.040810217241845,21.443658116334678
67,251.0754037339679,12.694682628715128,20.573043021498187
182,127.9064476243201,16.07993080342738,22.79994965162264
150,71.5149786661159,18.60934342178858,23.562643720308877
26,160.9069413368773,18.81544274080703,9.762441428554991
83,114.43887674610895,13.026601700009051,13.477157883385434
108,301.0769336455162,12.672625471484581,5.2925707841014
111,133.22540174527938,8.985176982542558,22.5864331853012
60,67.52016828021704,19.03699747293937,8.091443029495352
39,66.19542299090054,11.868787507994313,22.229496246853884
123,424.2062742641877,6.913868589310657,11.587746439731927
36,316.1524691493612,11.490573719398249,12.362671799622763
21,211.13838585202018,6.90579875357006,5.782645089677187
169,452.4026192331111,12.537975263856126,11.537575795306392
118,81.58847513347112,13.419132722843182,22.76727365602528
48,491.1449327275217,10.06633642240378,5.510948022432083
26,327.33130561450747,6.074759213472269,13.126549460934507
191,132.5589142859818,19.152553034498588,5.627992596254822
36,355.58109453963584,16.600296702251445,12.418468502181298
152,393.5215669026032,17.583216207576815,8.452812815605824
128,243.2042525168485,10.503025914293442,10.044367865367441
149,437.7346728104963,16.41246545029176,22.55196746322838
146,117.82958328341164,12.280593427537914,13.72098441243782
15,175.47691260992377,8.01625232609069,10.475959828038244
79,92.0715627127954,6.866350653608199,16.786767559010954
134,144.89502827330847,10.175763039830853,7.842139196651647
171,157.42796536001526,7.063281672127095,10.187832148417117
159,462.93493591476954,19.97403464306103,15.92495935205777
28,85.1493599380203,5.737834853480331,9.750460836961377
136,242.33680408446924,11.61715399053615,18.582554748017465
157,289.57940925211085,11.781402835855761,14.829826045190451
149,454.41187421097237,9.509478928725134,20.439781405093818
120,498.96329839754605,13.57027348560418,23.96489071444937
88,389.0246517139261,7.24965536227317,7.316097786948155
186,486.8559457560633,16.758685708808507,11.693300199690897
188,404.1955096411432,9.986715773714575,11.390981257568132
178,483.4411884371375,13.870138846979627,8.023658386745085
31,368.27182667500483,15.73458854100439,21.206062746669417
47,85.89354145298198,18.335631765352417,20.1975740807758
34,230.86408414670444,17.536811546783,14.68850941668798
2,340.96877771111167,14.124635421553394,15.755415555892192
106,207.82332925441295,10.825897705758305,6.190882760049925
195,173.02276315120037,12.548070051124459,16.110147046540913
94,309.82967020989093,16.53102190068204,20.82683048039273
72,470.0758445160957,18.163183138392096,16.476551471677144
52,65.7418430822691,6.556728922650078,10.306127402408379
135,396.154041593647,10.772843937395802,18.350965446686743
147,375.2272751200822,16.641748976202507,12.229768599304954
90,483.7790414247292,11.474776438909416,15.897465685714705
92,468.8200500496446,9.983416460994258,14.751307265578495
143,393.0046529198868,11.169840452349044,12.623500019303602
78,284.1839441071694,14.042671201795262,19.377559607882702
176,141.92039895508395,19.997077162007024,22.677522239717636
125,295.35607324650846,12.394886436567976,5.104250369538499
142,394.4083972638442,8.127417124313908,23.672330384607346
131,453.0511456870519,7.442698629186421,15.230302721664499
50,405.37040414474706,5.635246212146214,19.014637607265303
93,137.8701208359743,13.382258523774823,22.112491323517542
124,319.85884140262675,13.168581372332513,14.342073846285398
54,199.47805678911067,8.078508901704637,21.699481467297804
134,54.142550325789344,15.429941096788506,8.552396389104045
177,140.09942110489973,16.116605624445214,8.183350689596288
151,100.94929247005217,8.886473080731669,18.14942737712307
78,429.22360559276086,10.161496460446049,22.402860111034745
78,166.3278134665154,19.857075085208848,22.848523550720788
20,178.11408599939998,10.613967017761013,17.87480916754493
91,481.9714573094979,16.41202507634153,15.50978460418635
188,220.58902537198347,11.790881399449098,11.627861753930324
99,54.31353806497755,16.90017241791464,24.600008311986628
173,177.73076675576144,16.53534858173972,11.39391373332501
189,103.6848112708156,15.016340377978034,19.883722144631864
56,96.26385278113429,17.821675194433688,15.639635998100015
2,84.86928056108728,19.088277423165277,17.170246850506935
105,316.9667615789198,13.69974980678126,12.869611011772523
173,135.20647563343638,8.562033608341185,24.296462509444957
168,212.5592573184547,10.979434424661125,16.433646521985423
112,437.9079722585075,16.3745857026994,23.7557526091758
24,240.95216290832406,14.763252276858042,5.1518283234782825
157,462.0611075232369,7.666975078478731,16.45341166382242
195,274.0721240280228,5.768593117196371,19.34373779450543
109,229.47647667789008,15.244423903130974,19.90160342324436
68,387.6750171908157,8.76618536044018,23.099537635633627
114,82.92879444560094,12.495053655935802,5.088032180075725
194,90.26527234208783,16.201201587688914,5.006603185189529
84,343.3881712653323,13.440001709844998,14.445269215904306
182,269.1233209576617,6.249538746676945,5.585874100107413
181,405.6868626436446,7.783703551753331,24.49065107324749
49,462.3218768045891,8.289922760463787,9.441303490827838
32,224.7650949521964,8.867963804672673,14.453294587296895
61,318.3845119630908,13.481050879257564,6.222752600244473
170,275.31348250788943,12.559486697380901,15.440968323425171
129,491.7247950390948,8.047400575463133,12.59912250294817
191,423.9879833104678,6.013322651835306,5.893200577544475
102,460.2819687248091,7.571483067120771,11.702485333924495
35,164.45303940992187,19.76571968927905,12.828720404457112
51,397.6368904231675,12.028204246872084,24.7984298254988
199,169.462951248942,18.010182570531686,9.15771743838751
45,143.93414004277545,17.73128700003265,15.895592307401994
77,474.91977184499785,12.672793361943105,24.746310983972574
113,58.68698752303999,15.600315626908152,20.840384158802703
65,484.42491664854333,7.8912801561906845,24.86735001764178
14,117.16785364496279,15.325950573903624,24.365966293203385
93,418.7471368069707,9.085768688949344,14.790790841883085
131,174.1651488806464,17.480931451312262,18.927516997411317
24,207.8160473438273,6.255861996633649,7.208862538823022
65,147.54097009489323,16.59708009327916,13.822976500936036
176,313.48131911648585,6.499053598529293,21.18037084533395
138,206.64299637854333,18.217838553414634,15.106706419542867
13,345.82686777259846,9.563067772025056,19.05398065634464
142,57.04129307392969,14.81590047245862,19.91502659968554
100,78.96869758176783,12.312534179304198,10.069382824857877
138,94.84751872906189,10.494547178935084,22.51398745885131
168,238.547158389604,14.681627497752446,14.19644861818358
151,416.6582776969892,19.21284470826857,9.203702072430875
99,449.6800596702722,5.619046210619328,22.308317635768876
55,160.16483302740534,18.782792838246564,13.356376122125074
63,308.4663759075563,14.136224825315203,20.006248767594393
71,395.76424671167024,17.109714511535785,15.960661444431858
170,179.9732434638239,10.758124301514163,12.637435044690008
99,234.05348153132294,12.077644622564206,21.19752830077139
66,285.7883912085713,18.03276127701746,16.68939863289226
79,110.69368088362147,11.222719547147346,12.811242048540635
73,61.692032176601145,13.019893501236275,7.1919574067025405
47,118.76261419322746,5.302923846264994,22.908906275334157
81,332.08412956409,7.378970087570634,5.7093917068333315
126,83.12821769015676,14.625297619621996,22.263746967361126
52,135.36336418255775,15.754653515958157,12.199230497663109
146,202.0342485628867,13.73901405176749,17.786775270028116
146,85.04152893786485,7.14965054413416,23.443994476713705
152,136.2646720227355,11.681081428667522,8.034132310077968
23,460.07140504258,10.326421495447846,16.339009512776205
140,58.68460950214315,12.434920160526325,20.28865724740384
151,344.04436587846294,18.054935518311414,20.15167665438115
21,222.9840189118332,16.63792157987978,15.51263829199008
64,352.691932744567,6.259842520837385,17.494789198129162
72,314.911274163532,18.354637966618462,20.15053988265689
162,150.57443945958994,12.076507267247354,21.820552755148235
130,431.2442694080248,16.15793217328998,20.236261937517277
69,271.3731721742105,7.100588468965282,12.080098863624853
159,420.1412085110623,15.060792885605721,24.934528021154662
68,232.70564128469863,8.54489026414187,13.690053874386088
198,493.10849926185756,11.575713457113974,5.489294055178668
147,396.7202113255833,5.252943051231566,12.25233903170924
128,484.67759230065803,7.27415956895714,7.5556590914768655
107,281.4469155094365,6.381207396854297,7.4288523145675
109,263.16100953081525,8.596162594073878,10.630700802137888
72,389.954214196366,6.500271350364834,6.067509883545217
103,446.1310683560436,15.378650399293429,18.77024376819126
141,483.8656081395011,5.4355985331382906,6.479777684038101
65,196.04835771462487,14.266107509374969,9.065791108719123
134,409.41705822918755,7.110617462383614,6.857994289882388
199,144.7905189359915,19.177421857668456,6.263354618060621
112,295.50845603545037,18.99641109664781,10.355033310790834
155,130.93166678413962,8.38254653781444,16.4379793532074
79,206.32881278765248,14.216319473345443,24.293711128936835
180,469.11126524290665,5.420079792086876,22.511133086992125
126,115.74081489788874,18.976828145767612,22.518678508906497
121,334.5804028108384,12.844809622875644,8.521340720753152
87,316.8294228173315,5.648347271266685,10.298143869956402
48,104.33225871904392,10.137499895122062,6.527866335906114
88,196.69056969596548,6.1527419279185125,20.5693667983037
68,303.3416770318696,10.894166590600399,6.396326029711239
172,134.23037404482062,15.048895132419846,16.133913416417066
101,410.28064538576695,12.048348620621594,9.957511446479014
17,487.4704292906374,10.755832620791818,9.868912680574894
38,146.64172998311244,6.787355683106972,24.814501104952104
138,134.11038415575916,8.674085685404844,20.135596139570747
54,254.7207823088501,6.502149316075267,21.738787165821
134,386.49437471301445,17.11248097484991,16.439653706880254
134,176.72027460586312,7.028597419770838,22.420285747874985
52,58.94595891377618,13.930600498233403,17.90981078332706
15,293.5492826148023,10.141106203832688,23.923474095926906
68,480.4702554952884,8.389675769827752,10.626771720912735
185,226.0745849331255,14.592026592381556,16.9063909156579
112,239.06054938239518,11.85503464065411,18.802626958737843
184,486.0057727013171,11.002182009268388,12.858746100556132
104,362.5734252320278,13.892780073383323,22.594159648081064
7,373.62736527895635,12.36901442735001,24.59606326208309
51,303.21590241698044,9.552263128273411,14.875389827453231
58,488.5741448884587,13.385919316478775,12.812813096086781
192,359.98991799150025,15.042478648260419,14.438758571129174
109,452.7647382223263,5.400397378802814,22.054734914638633
111,364.7204895799495,11.98807593361513,17.90936851036335
154,380.8021211781782,5.865249268753157,5.895447450361901
186,180.68491496401091,7.796081211021666,15.843398208914296
31,186.56541410621855,13.407631011169595,5.346002454819397
194,402.34309230921315,17.99283372898371,20.57070742006811
92,183.5178301264548,18.24208518782727,11.566245470849275
106,303.24653186068923,6.0491601520794696,14.440149642346586
13,162.2085399080159,11.286576294300598,20.97356211815264
146,417.64252136408123,13.74509724506827,5.928976345715231
119,99.7256080524605,7.206048568255151,8.17083071183221
141,423.250987892749,16.481483251171575,12.959207528902297
115,321.22841022842084,16.16352887655858,9.598503270911213
152,134.10929067218478,18.55011520560192,11.758028515501262
57,293.91592347775315,5.127290181251645,24.9634947578493
126,177.1244765813032,8.25026365983504,21.508288751476215
157,195.56030062872347,17.407800713679826,22.67803629920217
184,208.18761871859616,15.058700762404031,23.741092671315506
54,78.49366113754442,18.415847805477362,11.818717606283913
133,493.68275798063786,5.857694817953998,10.941539155929455
163,64.19058265905085,13.954459485746643,9.681249851441498
19,348.1235929329253,13.535698623405112,21.602338226162452
183,217.05244149084376,5.535116245407986,18.5910372457037
77,340.70463092601454,12.702831153687253,9.723439649657546
69,210.31171388941272,14.142804669648864,12.539876584209097
44,353.1877908164864,7.869397613031609,15.134235278655964
38,378.15597926076236,9.099943746869943,15.562801145475074
62,360.74868817984014,14.605210194466055,22.774554571034294
22,101.28289161116852,12.024514213999375,12.611322658944326
73,345.60195559460806,17.870204863524904,23.170480610010248
168,175.9943972543438,10.135726490137825,13.827351206395793
154,62.96061675620008,8.999894875823017,19.927453495847075
125,236.6738023500293,19.77298910517264,23.605086399701122
5,245.09439626171047,18.66703655195125,23.151514079265326
54,260.22836000860093,5.434891174984698,6.139057345913623
86,367.1708744258223,16.560929229598486,9.114085899531396
177,188.9797141141066,6.655021607378044,14.538108510645502
3,191.87623089676515,5.412277922440564,13.631085799062145
38,77.24851530856726,9.105432739495233,17.81783329674414
142,359.06954719653316,9.040188185916564,23.894181016508245
175,305.52174112981277,17.289781435204468,7.248094225558976
142,207.24130071220463,15.660008689142527,14.03717330268481
73,367.3350405128096,19.724141409980213,8.848220757742787
38,291.81098715209475,15.672693504677277,22.88215196795895
192,261.16022564174284,11.273833298840719,24.291603716033055
172,280.0960446475069,15.483914914178253,14.574033637807002
125,336.3566563701754,19.991886007796033,7.080205954562815
70,347.00117205856975,15.652128238437921,20.705893334453464
65,180.03101861332271,16.425220339704772,18.94282700984798
25,113.33451352601895,19.075475227853893,12.09341653220621
16,120.48538153573344,6.70476891967525,22.74814947937927
15,337.72589865635075,15.571764401715903,24.516637795654145
131,442.7929785952067,17.762089369511735,16.157076982603908
195,234.27332525549832,19.315679003313395,16.314558226885847
37,126.28407214825808,8.16453934567549,10.950270102275557
183,390.47112423223456,12.558935115863664,16.690120719666282
125,424.62026348875185,15.208322714667228,13.792846410496931
113,446.26209940443493,8.712015942520061,11.043820538561038
166,323.07414301117996,14.00709294875411,6.343703930478027
191,437.3278517246381,8.86368173746999,10.054157194182498
1,56.93673130178345,10.001855307974708,8.957092993553289
71,98.25611079628558,11.622780447662976,15.840839691078978
103,91.65923017344444,12.937851481198503,17.03340043527188
19,370.67210791462986,11.740488074377259,17.17143448612033
52,81.31180259461055,12.397932796818939,12.763620020913581
118,273.36396760983814,9.478831344324389,13.424594673709919
158,262.7181043863301,7.384476410339459,21.6847685928128
107,189.81658560120843,5.710249659902591,14.524656270343248
55,441.6823264739449,7.939680837375016,24.755466642742448
14,126.6949408459982,13.729154622586746,13.792344600177298
13,208.60825297965792,16.791731717046986,17.99161889235678
84,398.3771750103181,7.538713961643418,6.007259979867916
90,63.69004147697791,6.6283303665897275,18.066798488376214
27,352.8276801108659,16.239355408238755,22.028527888300122
89,417.3789768627068,9.577374958059345,23.849156770665925
137,469.5205274771752,19.272491588410286,24.94641223279541
41,444.33348822116824,15.714769559155595,10.643572912984663
48,193.72285257515833,9.901340708645463,16.507401296514338
12,313.86386359532867,9.343141216905574,14.014359710642948
138,84.78207191770963,12.855475794069637,16.27634961150342
6,166.04150159660387,6.187170024173142,8.149059143796933
162,92.40007043637831,6.765147689679485,22.12299145191883
180,191.83428056928372,7.637868219742888,23.191378866891753
41,443.834246056428,16.620853899568402,13.993233262258451
6,206.22507785343169,12.707860389036837,10.608597231471537
130,302.8541463506419,5.158506841616644,7.816668553060246
15,245.02138165172337,15.102747912081634,18.67529649555609
145,256.51243593443087,11.355352679907456,11.244636792414704
16,486.3074233264512,12.66278547445697,23.190771398267774
156,183.2695107187361,8.211743651194034,18.4202494968974
85,332.2960112854271,13.276733425911555,17.913706503484814
10,239.02820131075117,19.687298596272328,16.188042317964815
138,77.5157814714588,6.101670365086422,5.915526788574512
138,270.1988742309062,9.25876099496646,23.63844871371174
156,416.0044980702987,8.644963892912447,17.5587498659892
152,94.43883590675976,8.728239661267693,24.881239667662207
19,81.31633132833903,10.68059536348066,15.747128095457741
68,119.13418417697,17.271646771162512,19.202217838124263
184,393.98005012518774,18.69288034946581,6.124191157324443
195,375.7979228651321,8.0332263118846,17.63472353646822
42,304.25799600774974,13.144249069221692,20.292992231807148
140,260.70188184168455,14.553484582482204,20.570285897051146
146,449.74661661617995,12.827412115457673,20.40223304460571
151,395.01402072506716,11.511145912953793,9.525652545873353
84,415.37401308581235,7.879632587888567,24.50796955210452
134,415.96803560779443,12.323290387988578,24.903642412498776
53,339.2227196355011,11.018222415669932,6.511917503232025
98,256.10658094217564,16.933450437534045,23.728928456235145
42,439.10498866354266,16.454065387444928,10.788983886087387
194,466.7033379214628,7.009980218085061,18.785681635019294
30,60.712719466254356,6.327785788446014,11.762218414722643
9,73.19969296981309,18.622309148412544,24.35508646746243
170,481.43448360879677,13.032625834467465,7.0300771660707095
34,174.72227622988765,17.867014059238862,14.95493633912752
168,443.01624784223844,5.8722668084960175,13.560955838841494
88,224.95780353263117,12.897734247824454,11.520469045559699
145,103.59502592421002,13.091397718643545,17.910679817602972
157,86.19944009420041,17.91053048813225,7.62111486843335
50,120.42855458620542,6.464149973445613,19.333248362673938
76,162.45193769031414,8.60668345513864,24.611842476095745
177,269.83325926887176,11.098074708305196,21.091174289372603
189,365.6740552546026,17.987622131299133,22.20033505819091
46,493.879359418385,19.083249726058504,12.19273486358005
46,248.67803448012697,19.89086929390442,11.497732129624374
126,283.18322405439943,19.387902296877822,15.340967093802664
17,284.81706562246507,5.089126337665316,5.914532295245454
66,292.74545996957124,5.71562512180808,23.90716268913065
104,282.98329569700803,7.21410228736383,7.8757034603238445
5,53.94863977786302,10.232931451554098,23.060260783361848
123,50.776169949428315,17.448770464804383,6.671644440007114
182,93.94984315675532,18.38984293003221,21.452498553571203
125,95.70047154313048,7.8025160944187455,8.039250517564302
112,367.20360902965825,14.29496227429563,5.762632281829454
16,142.2122146321999,18.760429775979148,19.389789005188174
81,452.62134714002576,11.955976038969812,10.605306003488566
91,467.87284830965876,6.5531535792917595,19.28992305568699
135,489.15200205315443,11.867204751269373,16.101705009456396
136,472.58658719915906,10.636923534320857,7.176147804601312
72,172.34974486333607,13.664869940990105,23.642601466023272
96,279.39958011658064,11.579880266106555,14.046283495269552
111,128.95473658862346,5.260188902805769,19.68894555597376
82,412.7943448275949,19.909966001205067,15.020411440312502
38,449.79426731484324,13.153103565958563,17.087229499224094
54,433.0799776838817,12.104461332269143,11.055471847133848
76,245.0151269135757,19.31926057256081,9.007206080069006
15,391.40324810905145,7.337905513806157,15.851404068161356
178,93.91062630932126,7.838564038178724,13.80437945942004
184,68.11014677866281,17.120221235941752,12.802264268678663
116,388.9563864389424,8.912466200375132,18.45134390189246
9,241.40987344790767,16.988406594372904,18.81013264022272
8,497.9971691328061,9.073002243627538,5.91840112182526
110,93.76439713498958,5.497814453375022,11.774889884873442
147,435.03245669085516,12.75522085830074,13.235291004527546
51,265.99237948804625,7.950296511902921,6.9378432232833624
185,422.21758797674465,16.367694393987065,9.718017333965767
196,417.7072769765652,14.617994498482222,6.032835944455133
31,462.19640061293484,18.854040019668766,24.924841972340413
102,184.03250507874625,16.744825358986038,19.73114405939689
3,477.40970905790135,7.711639322610902,6.7490031300550735
99,118.25013216092913,17.002373549971946,5.404987595801842
83,86.88594991707075,14.626055672210349,19.385756003045604
43,244.22698281755711,15.034274626409374,13.783843313653339
29,422.7453358888292,17.48394328955223,20.73593418129152
10,263.03950878505054,13.607361037834103,23.469520756367675
140,423.17900488873136,11.990052715295192,16.986007780327448
46,378.35906260743735,14.549615530380919,8.742168458345061
30,144.2427737625201,9.469361434375386,20.64388072092905
94,476.9967312047587,7.738956966306489,24.116234863487488
32,77.35152588323155,14.248817571068695,16.60462574119912
47,454.22586839470773,8.507725536282166,18.63994894561467
88,186.9995520456683,6.1987266401991015,11.74949390073346
63,275.06663742397967,5.008312768778809,12.630553893206224
154,240.05834271533053,14.124791021001007,19.69308995706128
131,127.32555061261228,10.432231752203553,23.555421968136383
23,211.16608988076192,16.284664560101838,17.579767744487043
74,136.82049633175788,10.627645974696538,20.796958169706947
50,141.74891395723574,12.2900517235734,8.43270034830746
164,134.17557621187115,11.106274592230774,9.239181805159472
124,270.0578211559674,14.758621866640192,15.640693736667801
